id,title,description,availability,condition,price,sale_price,link,image_link,brand,google_product_category,identifier_exists
010UpSjAs6rFU1A8iI9K,Fresh N Local Fresh Dill 100gm,Fresh Dill 100Gm,out of stock,new,40.00 INR,20.00 INR,https://www.freshnlocal.co/product/010UpSjAs6rFU1A8iI9K,https://firebasestorage.googleapis.com/v0/b/freshnlocal-4a420.firebasestorage.app/o/products%2F010UpSjAs6rFU1A8iI9K%2Foriginal.webp?alt=media&token=670d9536-c608-4288-9eb7-b9f18b3b6185,Fresh N Local,"Food, Beverages & Tobacco > Food Items",no
042uHJfvXdQM6M7elU04,Fresh N Local Maltamelon Juice,Specialized double melon press bringing together honeydew and red watermelons.,in stock,new,120.00 INR,,https://www.freshnlocal.co/product/042uHJfvXdQM6M7elU04,https://firebasestorage.googleapis.com/v0/b/freshnlocal-4a420.firebasestorage.app/o/products%2F1782902020009_1000000836.png?alt=media&token=ebdc1a92-1484-4e4a-851b-020e4acd4e72,Fresh N Local,"Food, Beverages & Tobacco > Food Items",no
07tN6zS0VRMQuBXAWqCI,Fresh N Local Strawberry Smoothie,"Creamy sugar-free blend of hand-picked strawberries, Greek yogurt, and zero-calorie plant nectar.",in stock,new,150.00 INR,,https://www.freshnlocal.co/product/07tN6zS0VRMQuBXAWqCI,https://firebasestorage.googleapis.com/v0/b/freshnlocal-4a420.firebasestorage.app/o/products%2F07tN6zS0VRMQuBXAWqCI%2Foriginal.webp?alt=media&token=35bd8325-15c7-4228-88d8-e25d189d9f89,Fresh N Local,"Food, Beverages & Tobacco > Food Items",no
0BFteiSXuuX6Di1zh84l,Fresh N Local Alphonso Ripe 1 Dozen,"Origin - ratnagiri (carbide free)
Premium alphanso ripe mango 1 dozen",out of stock,new,1200.00 INR,1000.00 INR,https://www.freshnlocal.co/product/0BFteiSXuuX6Di1zh84l,https://firebasestorage.googleapis.com/v0/b/freshnlocal-4a420.firebasestorage.app/o/products%2F1782896136626_Dozen_Alphonso_mangoes_white_bac%E2%80%A6_202607011422.jpeg?alt=media&token=e6d5c8f6-3449-4587-8f3b-927e0dbeea07,Fresh N Local,"Food, Beverages & Tobacco > Food Items",no
0FN8kkvxUZhjf6qw5QJ7,Fresh N Local Watermelon Punch,"Exquisite fusion of crisp watermelon, dynamic mint undertone and fresh lime notes.",in stock,new,80.00 INR,,https://www.freshnlocal.co/product/0FN8kkvxUZhjf6qw5QJ7,https://firebasestorage.googleapis.com/v0/b/freshnlocal-4a420.firebasestorage.app/o/products%2F0FN8kkvxUZhjf6qw5QJ7%2Foriginal.webp?alt=media&token=ae4afcb0-b31b-4858-8fa2-a96e3288c6c1,Fresh N Local,"Food, Beverages & Tobacco > Food Items",no
0JQjyQsiUpj7RJTGSdOt,Fresh N Local Mango Milkshake,Classic velvety rich milkshake crafted with pure mango pulp and cream.,in stock,new,80.00 INR,,https://www.freshnlocal.co/product/0JQjyQsiUpj7RJTGSdOt,https://firebasestorage.googleapis.com/v0/b/freshnlocal-4a420.firebasestorage.app/o/products%2F0JQjyQsiUpj7RJTGSdOt%2Foriginal.webp?alt=media&token=ba90674b-55c0-4c8d-a8e8-e0a365bc3fc7,Fresh N Local,"Food, Beverages & Tobacco > Food Items",no
0K86CnPdPYUncY5N05uw,Fresh N Local Kiwi Cold Wave,"Slightly tart, vitamin-heavy green kiwi press with sweet apple base tones.",in stock,new,120.00 INR,,https://www.freshnlocal.co/product/0K86CnPdPYUncY5N05uw,https://firebasestorage.googleapis.com/v0/b/freshnlocal-4a420.firebasestorage.app/o/products%2F0K86CnPdPYUncY5N05uw%2Foriginal.webp?alt=media&token=4ea2acf7-a715-4fda-a270-861ba5d97707,Fresh N Local,"Food, Beverages & Tobacco > Food Items",no
0OS4LMBCaDp2Jbkn1JTJ,Fresh N Local Peach Ice Tea,Brewed mountain black tea leaves chilled over fresh peach puree chunks and mint.,in stock,new,180.00 INR,,https://www.freshnlocal.co/product/0OS4LMBCaDp2Jbkn1JTJ,https://firebasestorage.googleapis.com/v0/b/freshnlocal-4a420.firebasestorage.app/o/products%2F0OS4LMBCaDp2Jbkn1JTJ%2Foriginal.webp?alt=media&token=91e5ce28-9485-4bbd-a2c0-b4eb889873cd,Fresh N Local,"Food, Beverages & Tobacco > Food Items",no
0Z84GNtfX2V0TusU7n8W,Fresh N Local Mango Matcha,Stunning layer of organic stoneground Japanese matcha whisked over fresh sweet mango nectar.,in stock,new,300.00 INR,,https://www.freshnlocal.co/product/0Z84GNtfX2V0TusU7n8W,https://firebasestorage.googleapis.com/v0/b/freshnlocal-4a420.firebasestorage.app/o/products%2F0Z84GNtfX2V0TusU7n8W%2Foriginal.webp?alt=media&token=6ec2b296-4fa8-4988-a182-d387030ac8b9,Fresh N Local,"Food, Beverages & Tobacco > Food Items",no
0ZTMkZFZkvnlUOlxQzmj,Fresh N Local Pomegranate Paloma,High antioxidant deep crimson ruby pomegranate arils pressed cold with a twist of lime.,in stock,new,150.00 INR,,https://www.freshnlocal.co/product/0ZTMkZFZkvnlUOlxQzmj,https://firebasestorage.googleapis.com/v0/b/freshnlocal-4a420.firebasestorage.app/o/products%2F0ZTMkZFZkvnlUOlxQzmj%2Foriginal.webp?alt=media&token=f0e1e635-0af1-4518-8442-cca5f535c75f,Fresh N Local,"Food, Beverages & Tobacco > Food Items",no
0duzwYLaN002ifkjV49d,Fresh N Local Fresh Pineapple Juice,Lively tropical pineapple elixir cold-squeezed to maintain dietary enzymes and bright flavor.,in stock,new,100.00 INR,,https://www.freshnlocal.co/product/0duzwYLaN002ifkjV49d,https://firebasestorage.googleapis.com/v0/b/freshnlocal-4a420.firebasestorage.app/o/products%2F0duzwYLaN002ifkjV49d%2Foriginal.webp?alt=media&token=4681ec09-de75-48df-9570-a7f002299d5b,Fresh N Local,"Food, Beverages & Tobacco > Food Items",no
0ewEwy7UFkGMLwQDGDZf,Fresh N Local Fresh Orange Juice,Sun-golden Nagpur oranges pressed cold with pulp particles for a full spectrum sweet and tangy experience.,in stock,new,100.00 INR,,https://www.freshnlocal.co/product/0ewEwy7UFkGMLwQDGDZf,https://firebasestorage.googleapis.com/v0/b/freshnlocal-4a420.firebasestorage.app/o/products%2F0ewEwy7UFkGMLwQDGDZf%2Foriginal.webp?alt=media&token=0441aaa8-c328-41d7-b44e-16ef3297e024,Fresh N Local,"Food, Beverages & Tobacco > Food Items",no
0g8wGruaZXOS63GcEDay,Fresh N Local Jamun Shikanji,Traditional cooling lemonade enriched with seasonal black plum (jamun) pulp and rock salts.,in stock,new,120.00 INR,,https://www.freshnlocal.co/product/0g8wGruaZXOS63GcEDay,https://firebasestorage.googleapis.com/v0/b/freshnlocal-4a420.firebasestorage.app/o/products%2F0g8wGruaZXOS63GcEDay%2Foriginal.webp?alt=media&token=c7bc901e-cb0b-4ce7-a679-f03bdb384443,Fresh N Local,"Food, Beverages & Tobacco > Food Items",no
0l4u1QeqtxTKX1A8jtlb,Fresh N Local Coco Drip,Indulgent coconut milk chocolate milkshake crafted with premium cocoa and coconut bits.,in stock,new,100.00 INR,,https://www.freshnlocal.co/product/0l4u1QeqtxTKX1A8jtlb,https://firebasestorage.googleapis.com/v0/b/freshnlocal-4a420.firebasestorage.app/o/products%2F0l4u1QeqtxTKX1A8jtlb%2Foriginal.webp?alt=media&token=93e9fa54-786c-443d-9ea2-8136f6d156c0,Fresh N Local,"Food, Beverages & Tobacco > Food Items",no
0mQaVIvarblAe5Db6l8b,Fresh N Local Grapes Glow,Anti-ageing deep black grape juice cold-pressed to release skin-loving resveratrol.,in stock,new,150.00 INR,,https://www.freshnlocal.co/product/0mQaVIvarblAe5Db6l8b,https://firebasestorage.googleapis.com/v0/b/freshnlocal-4a420.firebasestorage.app/o/products%2F0mQaVIvarblAe5Db6l8b%2Foriginal.webp?alt=media&token=a28de037-82d5-47ea-b074-3a6ece05001c,Fresh N Local,"Food, Beverages & Tobacco > Food Items",no
0o8zPco2pUskY1RoGRVr,Fresh N Local Jerusalem Artichoke 250gm,Imported ,in stock,new,350.00 INR,300.00 INR,https://www.freshnlocal.co/product/0o8zPco2pUskY1RoGRVr,https://firebasestorage.googleapis.com/v0/b/freshnlocal-4a420.firebasestorage.app/o/products%2F0o8zPco2pUskY1RoGRVr%2Foriginal.webp?alt=media&token=5ccc1080-ff81-441f-a0ee-6f751fbe55a3,Fresh N Local,"Food, Beverages & Tobacco > Food Items",no
0poQrvObUzbdtZx4vdOc,Fresh N Local Wheatgrass Juice,"Raw living chlorophyll shot of fresh tender wheatgrass, cold-pressed with touch of sweet apple.",in stock,new,100.00 INR,,https://www.freshnlocal.co/product/0poQrvObUzbdtZx4vdOc,https://firebasestorage.googleapis.com/v0/b/freshnlocal-4a420.firebasestorage.app/o/products%2F0poQrvObUzbdtZx4vdOc%2Foriginal.webp?alt=media&token=7959ec17-0c47-4a3c-a5fa-783fc4a7f1b3,Fresh N Local,"Food, Beverages & Tobacco > Food Items",no
0qbXulcLjIC6MPDi2RXx,Fresh N Local Mango Smoothie,Creamy whipped Alphonso mango pulp blended with unsweetened organic almond milk.,in stock,new,150.00 INR,,https://www.freshnlocal.co/product/0qbXulcLjIC6MPDi2RXx,https://firebasestorage.googleapis.com/v0/b/freshnlocal-4a420.firebasestorage.app/o/products%2F0qbXulcLjIC6MPDi2RXx%2Foriginal.webp?alt=media&token=1dfbf471-d74a-407f-99a3-8475b3365f26,Fresh N Local,"Food, Beverages & Tobacco > Food Items",no
0qe24Zt8DRDbkBRwPWtb,Fresh N Local Raw Jackfruit Chunks 300gm,ALL FRUITS AND VEGETABLE ARE CUT AND PEELED IN CONTROLED AND HYGENIC ENVIROMENT AND IT IS PREPARED WITH IN 60 MIN OF DELIVERY TIME,in stock,new,60.00 INR,50.00 INR,https://www.freshnlocal.co/product/0qe24Zt8DRDbkBRwPWtb,https://firebasestorage.googleapis.com/v0/b/freshnlocal-4a420.firebasestorage.app/o/products%2F1782816790071_1000192042.jpg?alt=media&token=a9980421-9381-4dcb-95b6-06e3116fd3f9,Fresh N Local,"Food, Beverages & Tobacco > Food Items",no
0yZGAzbVAAhz7LD0TQnv,Fresh N Local Premium Goldenberry 1kg,"Organic and Super Sweet, Sourced Directly From Ooty",out of stock,new,550.00 INR,500.00 INR,https://www.freshnlocal.co/product/0yZGAzbVAAhz7LD0TQnv,https://firebasestorage.googleapis.com/v0/b/freshnlocal-4a420.firebasestorage.app/o/products%2F0yZGAzbVAAhz7LD0TQnv%2Foriginal.webp?alt=media&token=19856eec-25f3-4c6b-893b-e2ea90b7e728,Fresh N Local,"Food, Beverages & Tobacco > Food Items",no
15S72PTH15jaOrMSCxuT,Fresh N Local Gulabo Litchi,Sensational fragrant rose petal preserve (gulkand) layered with sweet white litchi premium nectar.,in stock,new,150.00 INR,,https://www.freshnlocal.co/product/15S72PTH15jaOrMSCxuT,https://firebasestorage.googleapis.com/v0/b/freshnlocal-4a420.firebasestorage.app/o/products%2F15S72PTH15jaOrMSCxuT%2Foriginal.webp?alt=media&token=5c9d9db3-0f0b-4911-8911-f255066e5ce0,Fresh N Local,"Food, Beverages & Tobacco > Food Items",no
15vsSluaCAEPmns6nk3H,Fresh N Local Coconut Kulukki,"Famous shaken coconut water with sweet basil seeds (sabja), crushed ginger and green chili slice.",in stock,new,120.00 INR,,https://www.freshnlocal.co/product/15vsSluaCAEPmns6nk3H,https://firebasestorage.googleapis.com/v0/b/freshnlocal-4a420.firebasestorage.app/o/products%2F15vsSluaCAEPmns6nk3H%2Foriginal.webp?alt=media&token=1e289c5e-5132-45ac-a012-e3035fc84c12,Fresh N Local,"Food, Beverages & Tobacco > Food Items",no
1BWJM5YjXeBb8kYVTWU5,Fresh N Local Super Sattu,"High-protein roasted gram flour energy drink spiced with mint, green chili, chat masala and cold spring water.",in stock,new,200.00 INR,,https://www.freshnlocal.co/product/1BWJM5YjXeBb8kYVTWU5,https://firebasestorage.googleapis.com/v0/b/freshnlocal-4a420.firebasestorage.app/o/products%2F1BWJM5YjXeBb8kYVTWU5%2Foriginal.webp?alt=media&token=92261b20-ee86-44c9-8327-2d9bb3ec3ae9,Fresh N Local,"Food, Beverages & Tobacco > Food Items",no
1Ck9GUxnQjYIreoNlule,Fresh N Local Aam Panna,"Traditional roasted green mango drink flavored with cumin, black salt and mint leaves.",in stock,new,120.00 INR,,https://www.freshnlocal.co/product/1Ck9GUxnQjYIreoNlule,https://firebasestorage.googleapis.com/v0/b/freshnlocal-4a420.firebasestorage.app/o/products%2F1Ck9GUxnQjYIreoNlule%2Foriginal.webp?alt=media&token=2bd84245-3304-46b7-a78a-21e587f7dcc9,Fresh N Local,"Food, Beverages & Tobacco > Food Items",no
1akXxXu1MJ8c1fgPuBvQ,Fresh N Local Fresh Watermelon Juice,Pure hydraulic pressure extraction from sun-ripened red watermelons. Ultimate crisp freshness.,in stock,new,60.00 INR,,https://www.freshnlocal.co/product/1akXxXu1MJ8c1fgPuBvQ,https://firebasestorage.googleapis.com/v0/b/freshnlocal-4a420.firebasestorage.app/o/products%2F1akXxXu1MJ8c1fgPuBvQ%2Foriginal.webp?alt=media&token=f820ff80-a33a-4af2-b809-9f924c75735f,Fresh N Local,"Food, Beverages & Tobacco > Food Items",no
1cXDZVcFg5Y7k4DBKITy,Fresh N Local Green Goodness,"Nutrient-packed juice of spinach, mint, cucumber, celery, kiwi and green apple.",in stock,new,100.00 INR,,https://www.freshnlocal.co/product/1cXDZVcFg5Y7k4DBKITy,https://firebasestorage.googleapis.com/v0/b/freshnlocal-4a420.firebasestorage.app/o/products%2F1cXDZVcFg5Y7k4DBKITy%2Foriginal.webp?alt=media&token=5f83b546-16e8-4abc-882a-0c203df47195,Fresh N Local,"Food, Beverages & Tobacco > Food Items",no
1nCTKP8KvrQU8faxjMxz,Fresh N Local Fresh Chives 10gm,Fresh Chives ,out of stock,new,50.00 INR,20.00 INR,https://www.freshnlocal.co/product/1nCTKP8KvrQU8faxjMxz,https://firebasestorage.googleapis.com/v0/b/freshnlocal-4a420.firebasestorage.app/o/products%2F1nCTKP8KvrQU8faxjMxz%2Foriginal.webp?alt=media&token=d99551c6-c92f-46df-a2e3-0fde7c1f69cb,Fresh N Local,"Food, Beverages & Tobacco > Food Items",no
1r6ln5RmwbChsXipY6kB,Fresh N Local Kokum Katira,Tangy Konkan kokum fruit skin infusion blended with natural cooling tragacanth gum (gond katira).,in stock,new,120.00 INR,,https://www.freshnlocal.co/product/1r6ln5RmwbChsXipY6kB,https://firebasestorage.googleapis.com/v0/b/freshnlocal-4a420.firebasestorage.app/o/products%2F1r6ln5RmwbChsXipY6kB%2Foriginal.webp?alt=media&token=9ef05034-e79b-4057-97af-b51d80ce27a2,Fresh N Local,"Food, Beverages & Tobacco > Food Items",no
27LLeX5lZ0MQXW6aKd6s,Fresh N Local Abc Juice,"The classic miracle elixir: Fresh Apple, vibrant Beetroot, and young Carrot. High-performance detox.",in stock,new,100.00 INR,,https://www.freshnlocal.co/product/27LLeX5lZ0MQXW6aKd6s,https://firebasestorage.googleapis.com/v0/b/freshnlocal-4a420.firebasestorage.app/o/products%2F27LLeX5lZ0MQXW6aKd6s%2Foriginal.webp?alt=media&token=03e0d8f1-ff16-4472-aab0-807d84572cef,Fresh N Local,"Food, Beverages & Tobacco > Food Items",no
2T8ReYALckApss9E9VMJ,Fresh N Local Moringa Avocado Smoothie,"Extreme green boost: organic moringa leaves, creamy avocado, and ripe naturally sweet banana.",in stock,new,200.00 INR,,https://www.freshnlocal.co/product/2T8ReYALckApss9E9VMJ,https://firebasestorage.googleapis.com/v0/b/freshnlocal-4a420.firebasestorage.app/o/products%2F2T8ReYALckApss9E9VMJ%2Foriginal.webp?alt=media&token=424d5384-7612-458c-9ac8-6a155fd6d65a,Fresh N Local,"Food, Beverages & Tobacco > Food Items",no
2YYhmsvRk8sk8lQ4gmBr,Fresh N Local Kesar Badam Thandai,"Rich traditional royal beverage loaded with saffron, almonds, fennel seeds, and cardamoms.",in stock,new,150.00 INR,,https://www.freshnlocal.co/product/2YYhmsvRk8sk8lQ4gmBr,https://firebasestorage.googleapis.com/v0/b/freshnlocal-4a420.firebasestorage.app/o/products%2F2YYhmsvRk8sk8lQ4gmBr%2Foriginal.webp?alt=media&token=91a4d15a-53f3-4f06-8197-e5cfad35a505,Fresh N Local,"Food, Beverages & Tobacco > Food Items",no
2cnkYFgLSvSyZWp4kzxZ,Fresh N Local Muskmelon 1pc,600-700Gm Per Pc,in stock,new,60.00 INR,,https://www.freshnlocal.co/product/2cnkYFgLSvSyZWp4kzxZ,https://firebasestorage.googleapis.com/v0/b/freshnlocal-4a420.firebasestorage.app/o/products%2F2cnkYFgLSvSyZWp4kzxZ%2Foriginal.webp?alt=media&token=cf2d74aa-e5ad-45ad-8f2d-ac8b95329c53,Fresh N Local,"Food, Beverages & Tobacco > Food Items",no
2iEKLwOTvu9ufvoVVTIV,Fresh N Local Fresh Tender Coconut,"Naturally sweet, fat-free raw hydration extracted fresh from selected coastal water coconuts.",in stock,new,75.00 INR,,https://www.freshnlocal.co/product/2iEKLwOTvu9ufvoVVTIV,https://firebasestorage.googleapis.com/v0/b/freshnlocal-4a420.firebasestorage.app/o/products%2F1782902835747_1000003958.jpg?alt=media&token=57f0189d-2173-48f5-b7da-96faafb1cf54,Fresh N Local,"Food, Beverages & Tobacco > Food Items",no
30SRSrLWQ8CMYNucx0uI,Fresh N Local Coconut Matcha,Ceremonial Uji Japanese green matcha whisked directly over chilled sweet coconut water & tender coconut meat pulp.,in stock,new,300.00 INR,,https://www.freshnlocal.co/product/30SRSrLWQ8CMYNucx0uI,https://firebasestorage.googleapis.com/v0/b/freshnlocal-4a420.firebasestorage.app/o/products%2F30SRSrLWQ8CMYNucx0uI%2Foriginal.webp?alt=media&token=2accc23a-9fcb-4a86-ba9d-4bfe9049f4ef,Fresh N Local,"Food, Beverages & Tobacco > Food Items",no
3Elt0tW5YJIH6woH5GYi,Fresh N Local Fresh Apple Juice,Rich sweet nectar extracted from selected crisp Kashmir Red Apples. 100% natural oxidization-guarded.,in stock,new,100.00 INR,,https://www.freshnlocal.co/product/3Elt0tW5YJIH6woH5GYi,https://firebasestorage.googleapis.com/v0/b/freshnlocal-4a420.firebasestorage.app/o/products%2F3Elt0tW5YJIH6woH5GYi%2Foriginal.webp?alt=media&token=aa1b3de6-4876-4dee-abb0-b0f53d5ff409,Fresh N Local,"Food, Beverages & Tobacco > Food Items",no
3V8eiq04J3E7nComyh5o,Fresh N Local Portobello Mushroom 200gm,Portobello Mushroom ,in stock,new,250.00 INR,200.00 INR,https://www.freshnlocal.co/product/3V8eiq04J3E7nComyh5o,https://firebasestorage.googleapis.com/v0/b/freshnlocal-4a420.firebasestorage.app/o/products%2F1782882277735_1000201930.jpg?alt=media&token=6893a6a2-3b31-4a09-a05d-563c5fb8679a,Fresh N Local,"Food, Beverages & Tobacco > Food Items",no
3r2PRlSuAtCXtxpaQN9H,Fresh N Local Indian Peach 500gm,Origin - Himachal,in stock,new,150.00 INR,80.00 INR,https://www.freshnlocal.co/product/3r2PRlSuAtCXtxpaQN9H,https://firebasestorage.googleapis.com/v0/b/freshnlocal-4a420.firebasestorage.app/o/products%2F3r2PRlSuAtCXtxpaQN9H%2Foriginal.webp?alt=media&token=b67ad2eb-c963-4edd-b6e1-cdd5bb8cf5ce,Fresh N Local,"Food, Beverages & Tobacco > Food Items",no
4Ensw2K5u69wPnmi7egU,Fresh N Local Mango Sticky Rice,"Traditional sweet Thai dessert drink: layered rich coconut milk cream, pandan, sticky rice essence and pure mango pulp.",in stock,new,300.00 INR,,https://www.freshnlocal.co/product/4Ensw2K5u69wPnmi7egU,https://firebasestorage.googleapis.com/v0/b/freshnlocal-4a420.firebasestorage.app/o/products%2F4Ensw2K5u69wPnmi7egU%2Foriginal.webp?alt=media&token=7cd192de-f3da-4747-b8b9-e643577e63c5,Fresh N Local,"Food, Beverages & Tobacco > Food Items",no
4Ib8sjjwT1EVptOYM9Zh,Fresh N Local Fresh Blackberry 125gm,Fresh Blackberry ,in stock,new,825.00 INR,800.00 INR,https://www.freshnlocal.co/product/4Ib8sjjwT1EVptOYM9Zh,https://firebasestorage.googleapis.com/v0/b/freshnlocal-4a420.firebasestorage.app/o/products%2F4Ib8sjjwT1EVptOYM9Zh%2Foriginal.webp?alt=media&token=4f3546bc-bb35-4d4d-bdbd-39ad721a1afc,Fresh N Local,"Food, Beverages & Tobacco > Food Items",no
4OjqPIZsyAsAYWcvIqj1,Fresh N Local Mix Fruits Bowl 300gm,"MIX ITEM LIKE PINEAPPLE, GUAVA, GRAPES, APPLE, MUSKMELON, ORANGE (WITH CHAT MASALA)",in stock,new,90.00 INR,80.00 INR,https://www.freshnlocal.co/product/4OjqPIZsyAsAYWcvIqj1,https://firebasestorage.googleapis.com/v0/b/freshnlocal-4a420.firebasestorage.app/o/products%2F4OjqPIZsyAsAYWcvIqj1%2Foriginal.webp?alt=media&token=14c1b19a-2b09-4fbc-afee-af0fba2384b8,Fresh N Local,"Food, Beverages & Tobacco > Food Items",no
4cSqeBkIaHT4vxu4KKlH,Fresh N Local Zespri Green Kiwi 3pc,Origin - New Zealand ,out of stock,new,150.00 INR,120.00 INR,https://www.freshnlocal.co/product/4cSqeBkIaHT4vxu4KKlH,https://firebasestorage.googleapis.com/v0/b/freshnlocal-4a420.firebasestorage.app/o/products%2F4cSqeBkIaHT4vxu4KKlH%2Foriginal.webp?alt=media&token=df5b3426-0e5e-458c-9b78-98bcfe724880,Fresh N Local,"Food, Beverages & Tobacco > Food Items",no
50bZEreLPg6adCRrkVtj,Fresh N Local Brussel Sprouts 250gm,Brussel Sprouts,in stock,new,250.00 INR,,https://www.freshnlocal.co/product/50bZEreLPg6adCRrkVtj,https://firebasestorage.googleapis.com/v0/b/freshnlocal-4a420.firebasestorage.app/o/products%2F50bZEreLPg6adCRrkVtj%2Foriginal.webp?alt=media&token=2d95b168-098f-4294-95c4-cdf955cd0193,Fresh N Local,"Food, Beverages & Tobacco > Food Items",no
51YdZF2Blv3gyvI7n4Kg,Fresh N Local Crunchy Red Cherry 250gm,Origin - USA .,out of stock,new,800.00 INR,500.00 INR,https://www.freshnlocal.co/product/51YdZF2Blv3gyvI7n4Kg,https://firebasestorage.googleapis.com/v0/b/freshnlocal-4a420.firebasestorage.app/o/products%2F51YdZF2Blv3gyvI7n4Kg%2Foriginal.webp?alt=media&token=2637ce08-2904-4762-b335-9340f99b6dd1,Fresh N Local,"Food, Beverages & Tobacco > Food Items",no
5EPQxlnjbddzLYJbdkMF,Fresh N Local Muskmelon Kesar Smoothie,Thick musk melon base infused with finest saffron (kesar) strands without any added sugar.,in stock,new,150.00 INR,,https://www.freshnlocal.co/product/5EPQxlnjbddzLYJbdkMF,https://firebasestorage.googleapis.com/v0/b/freshnlocal-4a420.firebasestorage.app/o/products%2F5EPQxlnjbddzLYJbdkMF%2Foriginal.webp?alt=media&token=2965253c-6cef-4777-b95b-bc9e23e80214,Fresh N Local,"Food, Beverages & Tobacco > Food Items",no
5FUly3iriFyrLilFsymr,Fresh N Local Chinese Bean Sprouts 250gm,Chinese Bean Sprouts,in stock,new,100.00 INR,80.00 INR,https://www.freshnlocal.co/product/5FUly3iriFyrLilFsymr,https://firebasestorage.googleapis.com/v0/b/freshnlocal-4a420.firebasestorage.app/o/products%2F5FUly3iriFyrLilFsymr%2Foriginal.webp?alt=media&token=2070ca8d-5822-4c99-a548-31ad6f777f5a,Fresh N Local,"Food, Beverages & Tobacco > Food Items",no
5HEDUKsIOy0fsOL7d61e,Fresh N Local Green Peas Frozen Hand Peeled 1kg,"1Kg Pack 
Keep Frozen -18°c 
Can Be Used Till 6 Months",in stock,new,100.00 INR,80.00 INR,https://www.freshnlocal.co/product/5HEDUKsIOy0fsOL7d61e,https://firebasestorage.googleapis.com/v0/b/freshnlocal-4a420.firebasestorage.app/o/products%2F1782881101083_2165.jpg?alt=media&token=143fe716-1931-4c46-96ee-6b7382f654bc,Fresh N Local,"Food, Beverages & Tobacco > Food Items",no
5iChZlL9Klp3x1XZPtAt,Fresh N Local Thai Jumbo Taro Root 1pc,600-999Gm Per Pc,in stock,new,650.00 INR,600.00 INR,https://www.freshnlocal.co/product/5iChZlL9Klp3x1XZPtAt,https://firebasestorage.googleapis.com/v0/b/freshnlocal-4a420.firebasestorage.app/o/products%2F5iChZlL9Klp3x1XZPtAt%2Foriginal.webp?alt=media&token=f8a608ab-b75a-45df-8c9a-1b4c03af630b,Fresh N Local,"Food, Beverages & Tobacco > Food Items",no
5zWrq4kUpE8btgq9SgZS,Fresh N Local Green Almonds 500gm,Origin Hinachal ,in stock,new,300.00 INR,250.00 INR,https://www.freshnlocal.co/product/5zWrq4kUpE8btgq9SgZS,https://firebasestorage.googleapis.com/v0/b/freshnlocal-4a420.firebasestorage.app/o/products%2F5zWrq4kUpE8btgq9SgZS%2Foriginal.webp?alt=media&token=0594c397-dc82-486c-aaee-cab12557f9a0,Fresh N Local,"Food, Beverages & Tobacco > Food Items",no
6eX4w6XSQDdwLXp6Qjqq,Fresh N Local Thai Mangosteen 500gm,Origin - Sri Lanka,in stock,new,400.00 INR,,https://www.freshnlocal.co/product/6eX4w6XSQDdwLXp6Qjqq,https://firebasestorage.googleapis.com/v0/b/freshnlocal-4a420.firebasestorage.app/o/products%2F6eX4w6XSQDdwLXp6Qjqq%2Foriginal.webp?alt=media&token=f653fa51-1a0c-4b77-8262-b7853b3b51dc,Fresh N Local,"Food, Beverages & Tobacco > Food Items",no
6xynsuXefUzkHa7rUrfk,Fresh N Local Blood Orange 1kg,Blood Orange ,out of stock,new,200.00 INR,,https://www.freshnlocal.co/product/6xynsuXefUzkHa7rUrfk,https://firebasestorage.googleapis.com/v0/b/freshnlocal-4a420.firebasestorage.app/o/products%2F6xynsuXefUzkHa7rUrfk%2Foriginal.webp?alt=media&token=d810dc68-1da8-437a-92da-cd6e3c84c70f,Fresh N Local,"Food, Beverages & Tobacco > Food Items",no
79s9cRRPCJWJR46jaxhW,Fresh N Local Hand Peeled Garlic 100 Gm 100gm,ALL FRUITS AND VEGETABLE ARE CUT AND PEELED IN CONTROLED AND HYGENIC ENVIROMENT AND IT IS PREPARED WITH IN 60 MIN OF DELIVERY TIME,in stock,new,50.00 INR,30.00 INR,https://www.freshnlocal.co/product/79s9cRRPCJWJR46jaxhW,https://firebasestorage.googleapis.com/v0/b/freshnlocal-4a420.firebasestorage.app/o/products%2F1782816693439_1000191884.jpg?alt=media&token=cc952955-1ff8-4afd-a9c6-e9e7d71facee,Fresh N Local,"Food, Beverages & Tobacco > Food Items",no
7REj0zZK7E7AfkbY3u0d,Fresh N Local King Oyster Mushroom 200gm,Origin - Thailand ,in stock,new,280.00 INR,220.00 INR,https://www.freshnlocal.co/product/7REj0zZK7E7AfkbY3u0d,https://firebasestorage.googleapis.com/v0/b/freshnlocal-4a420.firebasestorage.app/o/products%2F7REj0zZK7E7AfkbY3u0d%2Foriginal.webp?alt=media&token=93037db0-52fb-44f0-813a-ef4ced5055de,Fresh N Local,"Food, Beverages & Tobacco > Food Items",no
7htH89QUF6Brth3K7ruJ,Fresh N Local Baby Shimla Apple 500gm,5-6 Pc,in stock,new,100.00 INR,75.00 INR,https://www.freshnlocal.co/product/7htH89QUF6Brth3K7ruJ,https://firebasestorage.googleapis.com/v0/b/freshnlocal-4a420.firebasestorage.app/o/products%2F7htH89QUF6Brth3K7ruJ%2Foriginal.webp?alt=media&token=1b6b0abc-ad9c-41bc-9504-2ca96d6fa2d8,Fresh N Local,"Food, Beverages & Tobacco > Food Items",no
8e2lRxBsLPBBi9SP4QOg,Fresh N Local Litchi 250gm,Origin Bihar,in stock,new,100.00 INR,,https://www.freshnlocal.co/product/8e2lRxBsLPBBi9SP4QOg,https://firebasestorage.googleapis.com/v0/b/freshnlocal-4a420.firebasestorage.app/o/products%2F8e2lRxBsLPBBi9SP4QOg%2Foriginal.webp?alt=media&token=4ba9b1bb-0158-436c-951d-30ae5795683b,Fresh N Local,"Food, Beverages & Tobacco > Food Items",no
8xFlPOiBunod5R342usS,Fresh N Local Iceberg Luttuce 500gm,Iceberg Luttuce 500Gm,in stock,new,200.00 INR,100.00 INR,https://www.freshnlocal.co/product/8xFlPOiBunod5R342usS,https://firebasestorage.googleapis.com/v0/b/freshnlocal-4a420.firebasestorage.app/o/products%2F8xFlPOiBunod5R342usS%2Foriginal.webp?alt=media&token=a58be68f-b54e-4987-b25c-1921cfdd9006,Fresh N Local,"Food, Beverages & Tobacco > Food Items",no
9MHhk45ZgyB5hbHGdODZ,Fresh N Local Shitake Mushroom 100gm,Shitake Mushroom ,in stock,new,200.00 INR,150.00 INR,https://www.freshnlocal.co/product/9MHhk45ZgyB5hbHGdODZ,https://firebasestorage.googleapis.com/v0/b/freshnlocal-4a420.firebasestorage.app/o/products%2F9MHhk45ZgyB5hbHGdODZ%2Foriginal.webp?alt=media&token=f1c8a31b-dbb3-44b0-a9dc-b28de009cd79,Fresh N Local,"Food, Beverages & Tobacco > Food Items",no
9Pb683Tmtr2d2VVeo248,Fresh N Local Cherry Vanilla Cloud,Sweet dark red cherries cold pressed and blended with natural Madagascar vanilla pods.,in stock,new,180.00 INR,,https://www.freshnlocal.co/product/9Pb683Tmtr2d2VVeo248,https://firebasestorage.googleapis.com/v0/b/freshnlocal-4a420.firebasestorage.app/o/products%2F9Pb683Tmtr2d2VVeo248%2Foriginal.webp?alt=media&token=112614ec-b0e3-47a1-86ba-33c6de0b7230,Fresh N Local,"Food, Beverages & Tobacco > Food Items",no
9WUfl85kffqwWKJwbTrm,Fresh N Local Thai Jumbo Asparagus 250gm,Thai Jumbo Asparagus ,in stock,new,200.00 INR,,https://www.freshnlocal.co/product/9WUfl85kffqwWKJwbTrm,https://firebasestorage.googleapis.com/v0/b/freshnlocal-4a420.firebasestorage.app/o/products%2F9WUfl85kffqwWKJwbTrm%2Foriginal.webp?alt=media&token=3c51e1d7-d374-450a-a587-ac4830acaa0b,Fresh N Local,"Food, Beverages & Tobacco > Food Items",no
9foe6HzA3sjfxXKjLPb3,Fresh N Local Romaine Lettuce 200gm,Romaine Lettuce ,in stock,new,100.00 INR,80.00 INR,https://www.freshnlocal.co/product/9foe6HzA3sjfxXKjLPb3,https://firebasestorage.googleapis.com/v0/b/freshnlocal-4a420.firebasestorage.app/o/products%2F9foe6HzA3sjfxXKjLPb3%2Foriginal.webp?alt=media&token=dc91f5c5-3fec-40d7-9b3f-6839e19ab4b5,Fresh N Local,"Food, Beverages & Tobacco > Food Items",no
9fvtMymFTu5Qix48c4ku,Fresh N Local Tender Coconut 1pc,"300Ml Apx Water
Tender Coconut 1pc",in stock,new,80.00 INR,70.00 INR,https://www.freshnlocal.co/product/9fvtMymFTu5Qix48c4ku,https://firebasestorage.googleapis.com/v0/b/freshnlocal-4a420.firebasestorage.app/o/products%2F1782656207937_1000202740.jpg?alt=media&token=b3a2caeb-7426-408f-94b5-83fe1ab36a07,Fresh N Local,"Food, Beverages & Tobacco > Food Items",no
BGWoWEZEQ0yPgrqXR7aK,Fresh N Local Brown Coconut 1pc,400Gm Apx Per Pc,in stock,new,50.00 INR,30.00 INR,https://www.freshnlocal.co/product/BGWoWEZEQ0yPgrqXR7aK,https://firebasestorage.googleapis.com/v0/b/freshnlocal-4a420.firebasestorage.app/o/products%2FBGWoWEZEQ0yPgrqXR7aK%2Foriginal.webp?alt=media&token=810533fc-89c7-45dc-8186-12cfbef82e0d,Fresh N Local,"Food, Beverages & Tobacco > Food Items",no
BkMo261EBgxXOZ4ymi1A,Fresh N Local Italian Lemon 500gm,Italian Lemon ,in stock,new,600.00 INR,,https://www.freshnlocal.co/product/BkMo261EBgxXOZ4ymi1A,https://firebasestorage.googleapis.com/v0/b/freshnlocal-4a420.firebasestorage.app/o/products%2FBkMo261EBgxXOZ4ymi1A%2Foriginal.webp?alt=media&token=1675d68b-9dc9-4020-8d60-53857bed8900,Fresh N Local,"Food, Beverages & Tobacco > Food Items",no
Bo8TZCnU3dTy7LSNns0J,Fresh N Local Banana Leaves 2pc,Banana Leaves ,in stock,new,50.00 INR,40.00 INR,https://www.freshnlocal.co/product/Bo8TZCnU3dTy7LSNns0J,https://firebasestorage.googleapis.com/v0/b/freshnlocal-4a420.firebasestorage.app/o/products%2FBo8TZCnU3dTy7LSNns0J%2Foriginal.webp?alt=media&token=ce3238f0-9dd9-433e-909b-f0b72519db6d,Fresh N Local,"Food, Beverages & Tobacco > Food Items",no
CEQEfIoNF0cUw0XvsdE9,Fresh N Local Iran Kimera Dates 400gm,Imported And Seedless ,in stock,new,175.00 INR,150.00 INR,https://www.freshnlocal.co/product/CEQEfIoNF0cUw0XvsdE9,https://firebasestorage.googleapis.com/v0/b/freshnlocal-4a420.firebasestorage.app/o/products%2F1782816594758_1000193376.jpg?alt=media&token=24726e7b-d476-407c-abc4-19ebce4797ac,Fresh N Local,"Food, Beverages & Tobacco > Food Items",no
CHtd5dN5HIeHlzamh3xV,Fresh N Local Red Bell Pepper 200gm,Red Bell Pepper ,in stock,new,100.00 INR,80.00 INR,https://www.freshnlocal.co/product/CHtd5dN5HIeHlzamh3xV,https://firebasestorage.googleapis.com/v0/b/freshnlocal-4a420.firebasestorage.app/o/products%2FCHtd5dN5HIeHlzamh3xV%2Foriginal.webp?alt=media&token=09c3a51b-3e42-4314-ae85-db486ad3b54e,Fresh N Local,"Food, Beverages & Tobacco > Food Items",no
Cb2n7l4Ik8AtVV3T4O8f,Fresh N Local Edible Flower 1 Box,EDIBLE FLOWER ,in stock,new,120.00 INR,,https://www.freshnlocal.co/product/Cb2n7l4Ik8AtVV3T4O8f,https://firebasestorage.googleapis.com/v0/b/freshnlocal-4a420.firebasestorage.app/o/products%2FCb2n7l4Ik8AtVV3T4O8f%2Foriginal.webp?alt=media&token=31d5d313-91ab-4241-9091-a2ff311f7e1a,Fresh N Local,"Food, Beverages & Tobacco > Food Items",no
CzEN8pzH1scTevob6Ozo,Fresh N Local Red Yellow Bellpepper 2pc,"RED YELLOW BELLPEPPER 2PC
 APX:250-300Gm",in stock,new,120.00 INR,100.00 INR,https://www.freshnlocal.co/product/CzEN8pzH1scTevob6Ozo,https://firebasestorage.googleapis.com/v0/b/freshnlocal-4a420.firebasestorage.app/o/products%2F1782896325740_Yellow_and_red_bellpepper_photos%E2%80%A6_202607011425.jpeg?alt=media&token=4231373e-ec51-46f4-a21a-1fc95861e854,Fresh N Local,"Food, Beverages & Tobacco > Food Items",no
DBQmNVW1Ia4xH0CRJNlv,Fresh N Local Thai Nam Dok Mai Mango 2pc,Origin Thailand ,in stock,new,650.00 INR,500.00 INR,https://www.freshnlocal.co/product/DBQmNVW1Ia4xH0CRJNlv,https://firebasestorage.googleapis.com/v0/b/freshnlocal-4a420.firebasestorage.app/o/products%2FDBQmNVW1Ia4xH0CRJNlv%2Foriginal.webp?alt=media&token=7ea5aae1-7e14-46c4-bd9c-4f1d721b71be,Fresh N Local,"Food, Beverages & Tobacco > Food Items",no
DpRZ3XALNJjDRi6lYFOO,Fresh N Local Fresh Oregano 10gm,Fresh Oregano ,in stock,new,50.00 INR,20.00 INR,https://www.freshnlocal.co/product/DpRZ3XALNJjDRi6lYFOO,https://firebasestorage.googleapis.com/v0/b/freshnlocal-4a420.firebasestorage.app/o/products%2FDpRZ3XALNJjDRi6lYFOO%2Foriginal.webp?alt=media&token=0c07fc71-161e-48fe-b15e-fe9b0ac4dd3b,Fresh N Local,"Food, Beverages & Tobacco > Food Items",no
E3GGffjys5WLVx7hWIVU,Fresh N Local Frozen Sweet Corn 1kg,"1Kg pack 
keep frozen -18°c 
can be used till 6 months",in stock,new,100.00 INR,80.00 INR,https://www.freshnlocal.co/product/E3GGffjys5WLVx7hWIVU,https://firebasestorage.googleapis.com/v0/b/freshnlocal-4a420.firebasestorage.app/o/products%2F1782814600968_1000192014.jpg?alt=media&token=d00e767a-c5d9-47f8-8b59-0f9d22dc4859,Fresh N Local,"Food, Beverages & Tobacco > Food Items",no
E5fi9q2J49tWTefcGw0d,Fresh N Local Rockit Apple 4pc,Origin - New Zealand ,in stock,new,300.00 INR,,https://www.freshnlocal.co/product/E5fi9q2J49tWTefcGw0d,https://firebasestorage.googleapis.com/v0/b/freshnlocal-4a420.firebasestorage.app/o/products%2FE5fi9q2J49tWTefcGw0d%2Foriginal.webp?alt=media&token=5e4c3428-6a8d-4e28-b5d6-41aa2be0252c,Fresh N Local,"Food, Beverages & Tobacco > Food Items",no
Ed7uHcgEJR8qhq3uKKuh,Fresh N Local Fresh Thyme 10gm,Fresh Thyme ,in stock,new,50.00 INR,20.00 INR,https://www.freshnlocal.co/product/Ed7uHcgEJR8qhq3uKKuh,https://firebasestorage.googleapis.com/v0/b/freshnlocal-4a420.firebasestorage.app/o/products%2FEd7uHcgEJR8qhq3uKKuh%2Foriginal.webp?alt=media&token=752b8358-8806-47bf-8cea-1842642bda8c,Fresh N Local,"Food, Beverages & Tobacco > Food Items",no
EmQuS6FzKrgFJ146Mjm1,Fresh N Local Guava Chunks 500gm,(WITH BLACK SALT)ALL FRUITS AND VEGETABLE ARE CUT AND PEELED IN CONTROLED AND HYGENIC ENVIROMENT AND IT IS PREPARED WITH IN 60 MIN OF DELIVERY TIME,in stock,new,50.00 INR,40.00 INR,https://www.freshnlocal.co/product/EmQuS6FzKrgFJ146Mjm1,https://firebasestorage.googleapis.com/v0/b/freshnlocal-4a420.firebasestorage.app/o/products%2F1782829938478_2446.jpg?alt=media&token=1be92462-99c2-490e-97cc-2b1462316497,Fresh N Local,"Food, Beverages & Tobacco > Food Items",no
EqzEv7Tmoy4ZchrlM9JH,Fresh N Local Indian Cherry 500gm,Origin Himachal,in stock,new,300.00 INR,,https://www.freshnlocal.co/product/EqzEv7Tmoy4ZchrlM9JH,https://firebasestorage.googleapis.com/v0/b/freshnlocal-4a420.firebasestorage.app/o/products%2FEqzEv7Tmoy4ZchrlM9JH%2Foriginal.webp?alt=media&token=9464de93-8865-45cd-b62d-8c451ae2f28d,Fresh N Local,"Food, Beverages & Tobacco > Food Items",no
F5RQ6ZS8tTdxryJV4AlF,Fresh N Local Funnel Bulb 250gm,Funnel Bulb ,in stock,new,100.00 INR,,https://www.freshnlocal.co/product/F5RQ6ZS8tTdxryJV4AlF,https://firebasestorage.googleapis.com/v0/b/freshnlocal-4a420.firebasestorage.app/o/products%2FF5RQ6ZS8tTdxryJV4AlF%2Foriginal.webp?alt=media&token=03c4a8c6-58bf-443f-8c0b-26bdecb5163f,Fresh N Local,"Food, Beverages & Tobacco > Food Items",no
F88TmUMUBMdeFLR6sTls,Fresh N Local European Sweet Potato 400gm,Imported ,in stock,new,500.00 INR,400.00 INR,https://www.freshnlocal.co/product/F88TmUMUBMdeFLR6sTls,https://firebasestorage.googleapis.com/v0/b/freshnlocal-4a420.firebasestorage.app/o/products%2FF88TmUMUBMdeFLR6sTls%2Foriginal.webp?alt=media&token=1fe0371b-afea-4a83-bd2e-fc001815576a,Fresh N Local,"Food, Beverages & Tobacco > Food Items",no
GCRB4zJ5ARDMHJA3KwBe,Fresh N Local Hass Avocado Semiripe 3pc,500-600Gm Apx (imported),in stock,new,400.00 INR,150.00 INR,https://www.freshnlocal.co/product/GCRB4zJ5ARDMHJA3KwBe,https://firebasestorage.googleapis.com/v0/b/freshnlocal-4a420.firebasestorage.app/o/products%2FGCRB4zJ5ARDMHJA3KwBe%2Foriginal.webp?alt=media&token=9edaf4b9-b031-4537-a7d7-13ec721ce651,Fresh N Local,"Food, Beverages & Tobacco > Food Items",no
Gmv4CdwaHe0tKFOKDcqj,Fresh N Local Pomelo 1pc,Original Thailand,in stock,new,1000.00 INR,750.00 INR,https://www.freshnlocal.co/product/Gmv4CdwaHe0tKFOKDcqj,https://firebasestorage.googleapis.com/v0/b/freshnlocal-4a420.firebasestorage.app/o/products%2FGmv4CdwaHe0tKFOKDcqj%2Foriginal.webp?alt=media&token=3421ae5f-722d-42f4-8364-929d6ba7ad3d,Fresh N Local,"Food, Beverages & Tobacco > Food Items",no
H1G8KiWJwz6dydkrjnBj,Fresh N Local Fresh Roosemary 10gm,Fresh Roosemary ,in stock,new,50.00 INR,20.00 INR,https://www.freshnlocal.co/product/H1G8KiWJwz6dydkrjnBj,https://firebasestorage.googleapis.com/v0/b/freshnlocal-4a420.firebasestorage.app/o/products%2FH1G8KiWJwz6dydkrjnBj%2Foriginal.webp?alt=media&token=e5e0fc98-d8d4-443b-a2ed-cae43919fdc9,Fresh N Local,"Food, Beverages & Tobacco > Food Items",no
HfH076jmM7Y0fuBmjxuI,Fresh N Local Pineapple Slice 200gm,ALL FRUITS AND VEGETABLE ARE CUT AND PEELED IN CONTROLED AND HYGENIC ENVIROMENT AND IT IS PREPARED WITH IN 60 MIN OF DELIVERY TIME,in stock,new,80.00 INR,60.00 INR,https://www.freshnlocal.co/product/HfH076jmM7Y0fuBmjxuI,https://firebasestorage.googleapis.com/v0/b/freshnlocal-4a420.firebasestorage.app/o/products%2F1782829892815_2447.jpg?alt=media&token=1bfed38f-a055-4ac4-9e98-79d2640cc6eb,Fresh N Local,"Food, Beverages & Tobacco > Food Items",no
I1iclDWz3L2NoID3AMeS,Fresh N Local Raspberry Fresh 80gm,Indian Grown ,in stock,new,350.00 INR,300.00 INR,https://www.freshnlocal.co/product/I1iclDWz3L2NoID3AMeS,https://firebasestorage.googleapis.com/v0/b/freshnlocal-4a420.firebasestorage.app/o/products%2F1782895737831_Fresh_raspberries_.jpeg?alt=media&token=d12a7889-5e23-4efa-84e4-6565e1d966d8,Fresh N Local,"Food, Beverages & Tobacco > Food Items",no
I3gW66sgTghU037e2Kjf,Fresh N Local Oyster Mushroom 200gm 1pack,Oyster Mushroom 200gm,in stock,new,100.00 INR,80.00 INR,https://www.freshnlocal.co/product/I3gW66sgTghU037e2Kjf,https://firebasestorage.googleapis.com/v0/b/freshnlocal-4a420.firebasestorage.app/o/products%2FI3gW66sgTghU037e2Kjf%2Foriginal.webp?alt=media&token=319df43e-b7eb-4302-8e5c-264819c25dc9,Fresh N Local,"Food, Beverages & Tobacco > Food Items",no
I6AypTIPKFXtwIUEnoOP,Fresh N Local Korean Pear 1pc,Korean Pear ,out of stock,new,900.00 INR,400.00 INR,https://www.freshnlocal.co/product/I6AypTIPKFXtwIUEnoOP,https://firebasestorage.googleapis.com/v0/b/freshnlocal-4a420.firebasestorage.app/o/products%2FI6AypTIPKFXtwIUEnoOP%2Foriginal.webp?alt=media&token=433d50f2-77fe-40cc-aec9-ea82901cfef4,Fresh N Local,"Food, Beverages & Tobacco > Food Items",no
Im95TkR5NYNnU23r2uya,Fresh N Local Indian Apricots 250gm,Origin Ladakh,in stock,new,125.00 INR,100.00 INR,https://www.freshnlocal.co/product/Im95TkR5NYNnU23r2uya,https://firebasestorage.googleapis.com/v0/b/freshnlocal-4a420.firebasestorage.app/o/products%2FIm95TkR5NYNnU23r2uya%2Foriginal.webp?alt=media&token=6f3ecd1c-d4f7-4746-8d86-92795f39a159,Fresh N Local,"Food, Beverages & Tobacco > Food Items",no
J2cFGvWMAZMvhontpfk9,Fresh N Local Red Dragon Fruit 1pc,Red  Dragon Fruit,in stock,new,70.00 INR,50.00 INR,https://www.freshnlocal.co/product/J2cFGvWMAZMvhontpfk9,https://firebasestorage.googleapis.com/v0/b/freshnlocal-4a420.firebasestorage.app/o/products%2FJ2cFGvWMAZMvhontpfk9%2Foriginal.webp?alt=media&token=d10c17fc-8245-4c3b-8a14-ee45c7793a65,Fresh N Local,"Food, Beverages & Tobacco > Food Items",no
J7vFS1J2zzEJEJYSwplN,Fresh N Local Purple Cabbage 1pc,Purple Cabbage ,in stock,new,80.00 INR,,https://www.freshnlocal.co/product/J7vFS1J2zzEJEJYSwplN,https://firebasestorage.googleapis.com/v0/b/freshnlocal-4a420.firebasestorage.app/o/products%2FJ7vFS1J2zzEJEJYSwplN%2Foriginal.webp?alt=media&token=157b708f-7af8-442e-81ad-2632d36dd091,Fresh N Local,"Food, Beverages & Tobacco > Food Items",no
J9cmtZndUE0Q4kEjX9Cb,Fresh N Local Zespri Sungold Kiwi 3pc,Zespri Sungold Kiwi ,in stock,new,250.00 INR,225.00 INR,https://www.freshnlocal.co/product/J9cmtZndUE0Q4kEjX9Cb,https://firebasestorage.googleapis.com/v0/b/freshnlocal-4a420.firebasestorage.app/o/products%2FJ9cmtZndUE0Q4kEjX9Cb%2Foriginal.webp?alt=media&token=59bc6567-5253-478b-accf-ac62e97b3c48,Fresh N Local,"Food, Beverages & Tobacco > Food Items",no
JUZAS1S5MLVqsIOq2Q05,Fresh N Local Edamame Beans Whole Frozen 500gm,Edamame beans Whole Frozen ,in stock,new,300.00 INR,275.00 INR,https://www.freshnlocal.co/product/JUZAS1S5MLVqsIOq2Q05,https://firebasestorage.googleapis.com/v0/b/freshnlocal-4a420.firebasestorage.app/o/products%2FJUZAS1S5MLVqsIOq2Q05%2Foriginal.webp?alt=media&token=35bde107-7504-48c6-86ee-aa5e23417dd8,Fresh N Local,"Food, Beverages & Tobacco > Food Items",no
JWG0jtnar9AQCookAMKr,Fresh N Local Indian Black Plum 500gm,Indian Black Plum,in stock,new,250.00 INR,125.00 INR,https://www.freshnlocal.co/product/JWG0jtnar9AQCookAMKr,https://firebasestorage.googleapis.com/v0/b/freshnlocal-4a420.firebasestorage.app/o/products%2F1782552602487_z6vcsd.jpg?alt=media&token=b8f5a7c3-56ad-4d9d-9110-c9790d5b73cf,Fresh N Local,"Food, Beverages & Tobacco > Food Items",no
K5OwLGM5ua4E2dx30hIc,Fresh N Local Celery 250gm,Celery ,in stock,new,80.00 INR,60.00 INR,https://www.freshnlocal.co/product/K5OwLGM5ua4E2dx30hIc,https://firebasestorage.googleapis.com/v0/b/freshnlocal-4a420.firebasestorage.app/o/products%2FK5OwLGM5ua4E2dx30hIc%2Foriginal.webp?alt=media&token=24b7da7b-5405-4910-b0b8-5c9effe68a1c,Fresh N Local,"Food, Beverages & Tobacco > Food Items",no
KtnAUE639C8iX9UtAP4h,Fresh N Local Pineapple 1pc,1Kg Apx,in stock,new,100.00 INR,,https://www.freshnlocal.co/product/KtnAUE639C8iX9UtAP4h,https://firebasestorage.googleapis.com/v0/b/freshnlocal-4a420.firebasestorage.app/o/products%2FKtnAUE639C8iX9UtAP4h%2Foriginal.webp?alt=media&token=ffe47c58-de48-41b9-8ca2-f93f60d3770c,Fresh N Local,"Food, Beverages & Tobacco > Food Items",no
Lb7lIct6fhTIVZiU8FkW,Fresh N Local Rocket Arugula 100gm,Rocket Arugula ,in stock,new,70.00 INR,60.00 INR,https://www.freshnlocal.co/product/Lb7lIct6fhTIVZiU8FkW,https://firebasestorage.googleapis.com/v0/b/freshnlocal-4a420.firebasestorage.app/o/products%2FLb7lIct6fhTIVZiU8FkW%2Foriginal.webp?alt=media&token=caab5ad7-ab3a-4cf5-9315-6ea27a2c3c07,Fresh N Local,"Food, Beverages & Tobacco > Food Items",no
LlQMqkklNm3XqE05qhXS,Fresh N Local Butternut Squash 500gm,.6-1Kg Per Pc,in stock,new,250.00 INR,200.00 INR,https://www.freshnlocal.co/product/LlQMqkklNm3XqE05qhXS,https://firebasestorage.googleapis.com/v0/b/freshnlocal-4a420.firebasestorage.app/o/products%2FLlQMqkklNm3XqE05qhXS%2Foriginal.webp?alt=media&token=4932db46-0859-45d9-a6e0-a6b5847334ea,Fresh N Local,"Food, Beverages & Tobacco > Food Items",no
LwIxWI2ptM7l12jfAU4i,Fresh N Local Edamame Beans (Peeled And Boiled) 500gm,"500Gm Per Pack 
Keep In Frozen -18°c
Can Be Used Till 6 Months",in stock,new,300.00 INR,,https://www.freshnlocal.co/product/LwIxWI2ptM7l12jfAU4i,https://firebasestorage.googleapis.com/v0/b/freshnlocal-4a420.firebasestorage.app/o/products%2FLwIxWI2ptM7l12jfAU4i%2Foriginal.webp?alt=media&token=22cf2b03-c218-4907-bc8c-2fdde1447d17,Fresh N Local,"Food, Beverages & Tobacco > Food Items",no
MBctPxELcGhYviDs3iTa,Fresh N Local Zucchini Green 500gm,Zucchini Green ,in stock,new,100.00 INR,75.00 INR,https://www.freshnlocal.co/product/MBctPxELcGhYviDs3iTa,https://firebasestorage.googleapis.com/v0/b/freshnlocal-4a420.firebasestorage.app/o/products%2FMBctPxELcGhYviDs3iTa%2Foriginal.webp?alt=media&token=76119dec-356c-4cea-8e4c-cefb78234b4b,Fresh N Local,"Food, Beverages & Tobacco > Food Items",no
MgSMpICp59feqfgjzp0g,Fresh N Local Spanish Grapefruit 1pc,300-400gm each (imported),in stock,new,100.00 INR,60.00 INR,https://www.freshnlocal.co/product/MgSMpICp59feqfgjzp0g,https://firebasestorage.googleapis.com/v0/b/freshnlocal-4a420.firebasestorage.app/o/products%2FMgSMpICp59feqfgjzp0g%2Foriginal.webp?alt=media&token=d1c52785-3900-4cc6-861a-882eba7f71d5,Fresh N Local,"Food, Beverages & Tobacco > Food Items",no
MmmtVRVd5TwwcWfWRMOW,Fresh N Local Cherry Tomatoes 200gm,Cherry Tomatoes ,in stock,new,70.00 INR,60.00 INR,https://www.freshnlocal.co/product/MmmtVRVd5TwwcWfWRMOW,https://firebasestorage.googleapis.com/v0/b/freshnlocal-4a420.firebasestorage.app/o/products%2FMmmtVRVd5TwwcWfWRMOW%2Foriginal.webp?alt=media&token=eb8cf3d0-5dbe-405a-a87d-e9456289d6a9,Fresh N Local,"Food, Beverages & Tobacco > Food Items",no
O9zQlt6eFhClFKQfREPA,Fresh N Local Fresh Yellow Dates 1kg,Fresh Yellow Dates,in stock,new,120.00 INR,100.00 INR,https://www.freshnlocal.co/product/O9zQlt6eFhClFKQfREPA,https://firebasestorage.googleapis.com/v0/b/freshnlocal-4a420.firebasestorage.app/o/products%2F1782625716585_1000202364.jpg?alt=media&token=698f238c-befb-4b36-a5f4-d6b8ab8d0847,Fresh N Local,"Food, Beverages & Tobacco > Food Items",no
OR3J0OQN1qjUCA6iurnB,Fresh N Local English Cucumber 500gn,English Cucumber ,in stock,new,50.00 INR,40.00 INR,https://www.freshnlocal.co/product/OR3J0OQN1qjUCA6iurnB,https://firebasestorage.googleapis.com/v0/b/freshnlocal-4a420.firebasestorage.app/o/products%2FOR3J0OQN1qjUCA6iurnB%2Foriginal.webp?alt=media&token=1c8b3814-092e-4081-8504-6b5ae7ec886a,Fresh N Local,"Food, Beverages & Tobacco > Food Items",no
PYFGPpHmlWGOlwfogPrt,Fresh N Local Langda Mango 1kg,Origin - Valsad,in stock,new,100.00 INR,80.00 INR,https://www.freshnlocal.co/product/PYFGPpHmlWGOlwfogPrt,https://firebasestorage.googleapis.com/v0/b/freshnlocal-4a420.firebasestorage.app/o/products%2FPYFGPpHmlWGOlwfogPrt%2Foriginal.webp?alt=media&token=7741c8cf-95c5-4f68-83ee-94380733326b,Fresh N Local,"Food, Beverages & Tobacco > Food Items",no
PYT9d7mcN9tPk9t1Qt3l,Fresh N Local Washinton Apple 2pc,WASHINTON APPLE ,in stock,new,120.00 INR,100.00 INR,https://www.freshnlocal.co/product/PYT9d7mcN9tPk9t1Qt3l,https://firebasestorage.googleapis.com/v0/b/freshnlocal-4a420.firebasestorage.app/o/products%2FPYT9d7mcN9tPk9t1Qt3l%2Foriginal.webp?alt=media&token=e17d8324-5def-4083-9130-c66d95524d12,Fresh N Local,"Food, Beverages & Tobacco > Food Items",no
PufQtZxDNDAuIhWcf3MC,Fresh N Local Cherry Halves Frozen 500gm,"250gm box
ideal for shake, smocthie or compote 
keep frozen -18°c 
can be used till 6 months",in stock,new,650.00 INR,600.00 INR,https://www.freshnlocal.co/product/PufQtZxDNDAuIhWcf3MC,https://firebasestorage.googleapis.com/v0/b/freshnlocal-4a420.firebasestorage.app/o/products%2F1782814721073_1000192015.jpg?alt=media&token=5691fbd5-7701-4377-8686-78b1a6c97427,Fresh N Local,"Food, Beverages & Tobacco > Food Items",no
Q4S2TTGv50jB7rc18ua7,Fresh N Local Baby Carrots 250gm,Baby Carrots,in stock,new,100.00 INR,,https://www.freshnlocal.co/product/Q4S2TTGv50jB7rc18ua7,https://firebasestorage.googleapis.com/v0/b/freshnlocal-4a420.firebasestorage.app/o/products%2FQ4S2TTGv50jB7rc18ua7%2Foriginal.webp?alt=media&token=495c4525-2a77-40c2-b100-41454f6fd2b6,Fresh N Local,"Food, Beverages & Tobacco > Food Items",no
RTYitI6N4U5bk53nrfWm,Fresh N Local Lotus Stem 250gm,Lotus Stem ,in stock,new,275.00 INR,50.00 INR,https://www.freshnlocal.co/product/RTYitI6N4U5bk53nrfWm,https://firebasestorage.googleapis.com/v0/b/freshnlocal-4a420.firebasestorage.app/o/products%2FRTYitI6N4U5bk53nrfWm%2Foriginal.webp?alt=media&token=b943df75-3aba-4659-a341-04d4a608af0f,Fresh N Local,"Food, Beverages & Tobacco > Food Items",no
RoOTNJIaity3eKvp7HTI,Fresh N Local Fresh Red Dates 1kg,Fresh Red Dates,in stock,new,120.00 INR,100.00 INR,https://www.freshnlocal.co/product/RoOTNJIaity3eKvp7HTI,https://firebasestorage.googleapis.com/v0/b/freshnlocal-4a420.firebasestorage.app/o/products%2F1782625672309_1000202363.jpg?alt=media&token=0ce8777c-8de8-4180-a887-2740b8c83f9f,Fresh N Local,"Food, Beverages & Tobacco > Food Items",no
Rr1tkINz0KwKy6e2X7Oc,Fresh N Local Pakchoi 250gm,PakChoi ,in stock,new,100.00 INR,50.00 INR,https://www.freshnlocal.co/product/Rr1tkINz0KwKy6e2X7Oc,https://firebasestorage.googleapis.com/v0/b/freshnlocal-4a420.firebasestorage.app/o/products%2FRr1tkINz0KwKy6e2X7Oc%2Foriginal.webp?alt=media&token=e267e019-e88e-407a-9d71-0d2f5ef7d634,Fresh N Local,"Food, Beverages & Tobacco > Food Items",no
RuLkTjSYis0YMnBWW3Lo,Fresh N Local Durian 1pc,"Origin China 
600/700Gm Per Piece ",out of stock,new,750.00 INR,,https://www.freshnlocal.co/product/RuLkTjSYis0YMnBWW3Lo,https://firebasestorage.googleapis.com/v0/b/freshnlocal-4a420.firebasestorage.app/o/products%2FRuLkTjSYis0YMnBWW3Lo%2Foriginal.webp?alt=media&token=b9db649f-3749-4aad-a220-d2a2a1a7dd10,Fresh N Local,"Food, Beverages & Tobacco > Food Items",no
S7BCYYlqvS9lRtPSUZzM,Fresh N Local Edamame Beans (Whole And Boiled ) 500gm,"500Gm Per Pack 
Keep Frozen -18°c 
Can be Used till 6 Months",in stock,new,300.00 INR,275.00 INR,https://www.freshnlocal.co/product/S7BCYYlqvS9lRtPSUZzM,https://firebasestorage.googleapis.com/v0/b/freshnlocal-4a420.firebasestorage.app/o/products%2FS7BCYYlqvS9lRtPSUZzM%2Foriginal.webp?alt=media&token=45149ea6-7e89-4c8d-9441-dc37e57402db,Fresh N Local,"Food, Beverages & Tobacco > Food Items",no
TIBarncxHQqj4GXdBlAr,Fresh N Local Indian Plum 500gm,Indian Plum,in stock,new,250.00 INR,125.00 INR,https://www.freshnlocal.co/product/TIBarncxHQqj4GXdBlAr,https://firebasestorage.googleapis.com/v0/b/freshnlocal-4a420.firebasestorage.app/o/products%2F1782551718262_fhu7o9.jpg?alt=media&token=68d9dfeb-c518-4d2d-a548-e40897133349,Fresh N Local,"Food, Beverages & Tobacco > Food Items",no
TOo8yZVp7gZsJDwLBZxZ,Fresh N Local Green Peas Fresh Hand Peeled 200gm,ALL FRUITS AND VEGETABLE ARE CUT AND PEELED IN CONTROLED AND HYGENIC ENVIROMENT AND IT IS PREPARED WITH IN 60 MIN OF DELIVERY TIME,in stock,new,75.00 INR,50.00 INR,https://www.freshnlocal.co/product/TOo8yZVp7gZsJDwLBZxZ,https://firebasestorage.googleapis.com/v0/b/freshnlocal-4a420.firebasestorage.app/o/products%2F1782881067256_2449.jpg?alt=media&token=b9f18ba7-76a3-47fc-9fc1-a10f005b5bb1,Fresh N Local,"Food, Beverages & Tobacco > Food Items",no
TS9xiWYwUcLbQ2Nqs9G8,Fresh N Local Radicchio Lettuce 250gm,Radicchio Lettuce ,in stock,new,120.00 INR,100.00 INR,https://www.freshnlocal.co/product/TS9xiWYwUcLbQ2Nqs9G8,https://firebasestorage.googleapis.com/v0/b/freshnlocal-4a420.firebasestorage.app/o/products%2FTS9xiWYwUcLbQ2Nqs9G8%2Foriginal.webp?alt=media&token=4335826c-d32b-4544-a90c-b09eb0a9cd9a,Fresh N Local,"Food, Beverages & Tobacco > Food Items",no
Thr2ce7uK3clUyMR0BjI,Fresh N Local Mandarin Orange 500gm,Super Sweet,in stock,new,150.00 INR,100.00 INR,https://www.freshnlocal.co/product/Thr2ce7uK3clUyMR0BjI,https://firebasestorage.googleapis.com/v0/b/freshnlocal-4a420.firebasestorage.app/o/products%2F1782816369543_2470.jpg?alt=media&token=326cc80f-02fc-493d-be57-beea09fd3c3d,Fresh N Local,"Food, Beverages & Tobacco > Food Items",no
UJPwSFmV3u8Ezj5FLopx,Fresh N Local Broccoli 500gm,Broccoli ,in stock,new,180.00 INR,150.00 INR,https://www.freshnlocal.co/product/UJPwSFmV3u8Ezj5FLopx,https://firebasestorage.googleapis.com/v0/b/freshnlocal-4a420.firebasestorage.app/o/products%2FUJPwSFmV3u8Ezj5FLopx%2Foriginal.webp?alt=media&token=e069f553-160b-4e26-8aa8-b41a509a175a,Fresh N Local,"Food, Beverages & Tobacco > Food Items",no
V7VQqMDqdLfDNQV2Wt6T,Fresh N Local Spanish Nectarine Peach 2pc,Origin Spain,in stock,new,400.00 INR,,https://www.freshnlocal.co/product/V7VQqMDqdLfDNQV2Wt6T,https://firebasestorage.googleapis.com/v0/b/freshnlocal-4a420.firebasestorage.app/o/products%2FV7VQqMDqdLfDNQV2Wt6T%2Foriginal.webp?alt=media&token=c62b4503-6778-4699-bbb2-d18199694fd2,Fresh N Local,"Food, Beverages & Tobacco > Food Items",no
Vh5czL2MpqgGGPe1XFqN,Fresh N Local Purple Passion Fruit 250gm,Super Sweet,in stock,new,200.00 INR,150.00 INR,https://www.freshnlocal.co/product/Vh5czL2MpqgGGPe1XFqN,https://firebasestorage.googleapis.com/v0/b/freshnlocal-4a420.firebasestorage.app/o/products%2FVh5czL2MpqgGGPe1XFqN%2Foriginal.webp?alt=media&token=e1b2c561-b4eb-4a72-ab77-8fd34fe95e4c,Fresh N Local,"Food, Beverages & Tobacco > Food Items",no
VyXSTd5JAcN6L98QYcWi,Fresh N Local Red Globe Grapes 250gm,Red Globe Grapes ,in stock,new,200.00 INR,90.00 INR,https://www.freshnlocal.co/product/VyXSTd5JAcN6L98QYcWi,https://firebasestorage.googleapis.com/v0/b/freshnlocal-4a420.firebasestorage.app/o/products%2FVyXSTd5JAcN6L98QYcWi%2Foriginal.webp?alt=media&token=4b6038f8-43a0-42a1-8b30-953e56de426f,Fresh N Local,"Food, Beverages & Tobacco > Food Items",no
WuM2UmxarpiN2oDeu7eN,Fresh N Local Imported Nectarine Peach 2pc,Imported Nectarine Peach,in stock,new,350.00 INR,300.00 INR,https://www.freshnlocal.co/product/WuM2UmxarpiN2oDeu7eN,https://firebasestorage.googleapis.com/v0/b/freshnlocal-4a420.firebasestorage.app/o/products%2F1782647912154_1000202464.jpg?alt=media&token=66215c80-6589-4e45-8202-7b9d56f7c861,Fresh N Local,"Food, Beverages & Tobacco > Food Items",no
Xh0r4gg6JnNjfhUXstMq,Fresh N Local Pomegranate 500gm,Pomegranate ,in stock,new,150.00 INR,100.00 INR,https://www.freshnlocal.co/product/Xh0r4gg6JnNjfhUXstMq,https://firebasestorage.googleapis.com/v0/b/freshnlocal-4a420.firebasestorage.app/o/products%2FXh0r4gg6JnNjfhUXstMq%2Foriginal.webp?alt=media&token=0dd288ae-4bdb-4727-af50-595c357158df,Fresh N Local,"Food, Beverages & Tobacco > Food Items",no
Xnhh0MKusNTp50KB30Ga,Fresh N Local Cherry Himachal 500gm,Origin Himachal,out of stock,new,200.00 INR,,https://www.freshnlocal.co/product/Xnhh0MKusNTp50KB30Ga,https://firebasestorage.googleapis.com/v0/b/freshnlocal-4a420.firebasestorage.app/o/products%2FXnhh0MKusNTp50KB30Ga%2Foriginal.webp?alt=media&token=3d1986a4-0923-465b-b4a3-c42e9dd8cd82,Fresh N Local,"Food, Beverages & Tobacco > Food Items",no
XwYnhT3ek3M2XYZ1DCZu,Fresh N Local Frozen Hass Avocado Paste 500gm,"only paste, no additive 
500gm pack 
keep frozen -18°c 
can be used till 6 months",out of stock,new,240.00 INR,,https://www.freshnlocal.co/product/XwYnhT3ek3M2XYZ1DCZu,https://firebasestorage.googleapis.com/v0/b/freshnlocal-4a420.firebasestorage.app/o/products%2FXwYnhT3ek3M2XYZ1DCZu%2Foriginal.webp?alt=media&token=14b8827c-6eda-4022-871a-159d10b386f5,Fresh N Local,"Food, Beverages & Tobacco > Food Items",no
Y5gEEQDB6BGnJaCsMmMi,Fresh N Local Button Mushrooms 1 Pack 1pack,200gm per pack,in stock,new,50.00 INR,40.00 INR,https://www.freshnlocal.co/product/Y5gEEQDB6BGnJaCsMmMi,https://firebasestorage.googleapis.com/v0/b/freshnlocal-4a420.firebasestorage.app/o/products%2F1782882188277_1000203546.jpg?alt=media&token=4d7309ab-2dc6-470d-a53b-0f0b99c232f9,Fresh N Local,"Food, Beverages & Tobacco > Food Items",no
YRBzV4rcZ9o0zUl0nbJP,Fresh N Local Jamun 500gm,Origin Maharashtra ,in stock,new,160.00 INR,,https://www.freshnlocal.co/product/YRBzV4rcZ9o0zUl0nbJP,https://firebasestorage.googleapis.com/v0/b/freshnlocal-4a420.firebasestorage.app/o/products%2FYRBzV4rcZ9o0zUl0nbJP%2Foriginal.webp?alt=media&token=d8940c4e-c135-4573-a73e-d38302f6fecf,Fresh N Local,"Food, Beverages & Tobacco > Food Items",no
YaVOtyVod68VtocaXNT2,Fresh N Local Oak Leaf Lettuce 200gm,Oak Leaf Lettuce ,in stock,new,100.00 INR,80.00 INR,https://www.freshnlocal.co/product/YaVOtyVod68VtocaXNT2,https://firebasestorage.googleapis.com/v0/b/freshnlocal-4a420.firebasestorage.app/o/products%2FYaVOtyVod68VtocaXNT2%2Foriginal.webp?alt=media&token=b175a058-0a7a-4b1f-af7f-453f0cb673e8,Fresh N Local,"Food, Beverages & Tobacco > Food Items",no
YgM7D94SLjBfCxEVM8ln,Fresh N Local Asian Persimmon 2pc,Asian Persimmon,out of stock,new,200.00 INR,150.00 INR,https://www.freshnlocal.co/product/YgM7D94SLjBfCxEVM8ln,https://firebasestorage.googleapis.com/v0/b/freshnlocal-4a420.firebasestorage.app/o/products%2FYgM7D94SLjBfCxEVM8ln%2Foriginal.webp?alt=media&token=2db95cf6-88fa-44f3-93f2-1997740b1b38,Fresh N Local,"Food, Beverages & Tobacco > Food Items",no
ZBRd07O8sDl3wr003tJ6,Fresh N Local Imported Blueberry Fresh 125gm,Indian Grown ,in stock,new,225.00 INR,,https://www.freshnlocal.co/product/ZBRd07O8sDl3wr003tJ6,https://firebasestorage.googleapis.com/v0/b/freshnlocal-4a420.firebasestorage.app/o/products%2FZBRd07O8sDl3wr003tJ6%2Foriginal.webp?alt=media&token=f7dfeae2-270e-4dac-b21d-729e2a91b9c2,Fresh N Local,"Food, Beverages & Tobacco > Food Items",no
ZGeRvUlEYMDGpAkd9Xx1,Fresh N Local Napa Cabbage 500gm,Napa Cabbage ,in stock,new,125.00 INR,,https://www.freshnlocal.co/product/ZGeRvUlEYMDGpAkd9Xx1,https://firebasestorage.googleapis.com/v0/b/freshnlocal-4a420.firebasestorage.app/o/products%2FZGeRvUlEYMDGpAkd9Xx1%2Foriginal.webp?alt=media&token=6438d52f-297d-4b42-8557-bc043c1fe179,Fresh N Local,"Food, Beverages & Tobacco > Food Items",no
ZT0mIuyHDKTwXNosU8t3,Fresh N Local South Africa Green Pear 500gm,300Gm,in stock,new,200.00 INR,125.00 INR,https://www.freshnlocal.co/product/ZT0mIuyHDKTwXNosU8t3,https://firebasestorage.googleapis.com/v0/b/freshnlocal-4a420.firebasestorage.app/o/products%2F1782816524903_1000193379.jpg?alt=media&token=d6e676ea-b121-458d-afa8-7276a36545db,Fresh N Local,"Food, Beverages & Tobacco > Food Items",no
ZevJErAbwc0otoHfdR0Y,Fresh N Local Baby Red Radish 500gm,Baby Red Radish,in stock,new,160.00 INR,125.00 INR,https://www.freshnlocal.co/product/ZevJErAbwc0otoHfdR0Y,https://firebasestorage.googleapis.com/v0/b/freshnlocal-4a420.firebasestorage.app/o/products%2FZevJErAbwc0otoHfdR0Y%2Foriginal.webp?alt=media&token=7d37e378-748a-4d48-9747-b082a0c4d54b,Fresh N Local,"Food, Beverages & Tobacco > Food Items",no
aOGagnShF2O1MgIc8t8E,Fresh N Local Thai Sweet Tamarind 250gm,"250Gm Per Box 
Natural Sweet 
",in stock,new,100.00 INR,90.00 INR,https://www.freshnlocal.co/product/aOGagnShF2O1MgIc8t8E,https://firebasestorage.googleapis.com/v0/b/freshnlocal-4a420.firebasestorage.app/o/products%2FaOGagnShF2O1MgIc8t8E%2Foriginal.webp?alt=media&token=6c5093ec-c4f3-4d30-8dac-7fd783b9f30e,Fresh N Local,"Food, Beverages & Tobacco > Food Items",no
alGqKwxttJYcK0uBKRnD,Fresh N Local Mix Berry Frozen 500gm,"250gm box
ideal for shake, smocthie or compote 
keep frozen -18°c 
can be used till 6 months",in stock,new,500.00 INR,450.00 INR,https://www.freshnlocal.co/product/alGqKwxttJYcK0uBKRnD,https://firebasestorage.googleapis.com/v0/b/freshnlocal-4a420.firebasestorage.app/o/products%2FalGqKwxttJYcK0uBKRnD%2Foriginal.webp?alt=media&token=fd335ae0-5b4a-46f0-b714-8950edc6c762,Fresh N Local,"Food, Beverages & Tobacco > Food Items",no
bGB9vSpDbiqEndgmMS22,Fresh N Local Watermelon 1.5-2.0kg,2Kg Apx Per Pc,in stock,new,70.00 INR,40.00 INR,https://www.freshnlocal.co/product/bGB9vSpDbiqEndgmMS22,https://firebasestorage.googleapis.com/v0/b/freshnlocal-4a420.firebasestorage.app/o/products%2FbGB9vSpDbiqEndgmMS22%2Foriginal.webp?alt=media&token=a795a6c6-121e-4c83-9b36-5e39eae12032,Fresh N Local,"Food, Beverages & Tobacco > Food Items",no
bpCoLNRon5PPYi5CaUbC,Fresh N Local Coconut Chunks 200gm,ALL FRUITS AND VEGETABLE ARE CUT AND PEELED IN CONTROLED AND HYGENIC ENVIROMENT AND IT IS PREPARED WITH IN 60 MIN OF DELIVERY TIME,in stock,new,60.00 INR,50.00 INR,https://www.freshnlocal.co/product/bpCoLNRon5PPYi5CaUbC,https://firebasestorage.googleapis.com/v0/b/freshnlocal-4a420.firebasestorage.app/o/products%2F1782829970974_2448.jpg?alt=media&token=3a3630af-3141-49ba-b537-eed9cafdca3b,Fresh N Local,"Food, Beverages & Tobacco > Food Items",no
c3lFiOartHeK5DjxJ8qx,Fresh N Local Yellow Bell Pepper 200gm,Yellow Bell Pepper ,in stock,new,100.00 INR,80.00 INR,https://www.freshnlocal.co/product/c3lFiOartHeK5DjxJ8qx,https://firebasestorage.googleapis.com/v0/b/freshnlocal-4a420.firebasestorage.app/o/products%2Fc3lFiOartHeK5DjxJ8qx%2Foriginal.webp?alt=media&token=78706a9a-f787-4dca-848b-337b06d2001e,Fresh N Local,"Food, Beverages & Tobacco > Food Items",no
cLVILnty7rGAPIOdHyBK,Fresh N Local Matki Sprouts 200gm,Made With Ro Water With Hygienic ,in stock,new,25.00 INR,20.00 INR,https://www.freshnlocal.co/product/cLVILnty7rGAPIOdHyBK,https://firebasestorage.googleapis.com/v0/b/freshnlocal-4a420.firebasestorage.app/o/products%2F1782815246656_1000191922.jpg?alt=media&token=4444e1f9-4389-46f4-b7f2-845dc98d2f81,Fresh N Local,"Food, Beverages & Tobacco > Food Items",no
d7FHyzO2Jyr7xzH9dw0e,Fresh N Local Wild Arugula 100gm,Wild Arugula ,in stock,new,120.00 INR,100.00 INR,https://www.freshnlocal.co/product/d7FHyzO2Jyr7xzH9dw0e,https://firebasestorage.googleapis.com/v0/b/freshnlocal-4a420.firebasestorage.app/o/products%2Fd7FHyzO2Jyr7xzH9dw0e%2Foriginal.webp?alt=media&token=a217a8bd-ff35-494c-b81b-f8f81d07c292,Fresh N Local,"Food, Beverages & Tobacco > Food Items",no
dOWxOP8VRtKeETne1DD5,Fresh N Local Chana Sprouts 200gm,Chana Sprouts ,in stock,new,25.00 INR,20.00 INR,https://www.freshnlocal.co/product/dOWxOP8VRtKeETne1DD5,https://firebasestorage.googleapis.com/v0/b/freshnlocal-4a420.firebasestorage.app/o/products%2FdOWxOP8VRtKeETne1DD5%2Foriginal.webp?alt=media&token=0446255d-7fbd-45bf-bbce-c0105dfa0cfe,Fresh N Local,"Food, Beverages & Tobacco > Food Items",no
dm5fX1LM3V0cA7tmoeGE,Fresh N Local Thai Kafir Lime Leaves 100gm,Thai Kafir Lime Leaves ,in stock,new,30.00 INR,20.00 INR,https://www.freshnlocal.co/product/dm5fX1LM3V0cA7tmoeGE,https://firebasestorage.googleapis.com/v0/b/freshnlocal-4a420.firebasestorage.app/o/products%2Fdm5fX1LM3V0cA7tmoeGE%2Foriginal.webp?alt=media&token=e066144a-0773-4f9f-847d-aff3ae395cc9,Fresh N Local,"Food, Beverages & Tobacco > Food Items",no
dxdVP6G1I4C06ufJHPrx,Fresh N Local Mixed Salad Greens 100gm,"1box of 150gm conteining mix leaves of Romaine, lolorossa, summercrisp, Kale, Baby Spinach, Arugula etc.",in stock,new,150.00 INR,100.00 INR,https://www.freshnlocal.co/product/dxdVP6G1I4C06ufJHPrx,https://firebasestorage.googleapis.com/v0/b/freshnlocal-4a420.firebasestorage.app/o/products%2F1782816979000_1000191949.jpg?alt=media&token=63bfed24-9b5f-4ae6-91c7-3b99df6061e7,Fresh N Local,"Food, Beverages & Tobacco > Food Items",no
e1UfCbv9syHZrvE62YUU,Fresh N Local Fresh Mulberry 100gm,Organic And Sweet (IMPORTED),in stock,new,80.00 INR,60.00 INR,https://www.freshnlocal.co/product/e1UfCbv9syHZrvE62YUU,https://firebasestorage.googleapis.com/v0/b/freshnlocal-4a420.firebasestorage.app/o/products%2F1782816565612_1000191886.jpg?alt=media&token=b796276a-917d-4f99-8bb5-043a1aa4b175,Fresh N Local,"Food, Beverages & Tobacco > Food Items",no
fkeRAw3AY1r7kvey7esH,Fresh N Local Mango Safeda 1kg,Origin - Andra Pradesh (Carbide Free),in stock,new,120.00 INR,,https://www.freshnlocal.co/product/fkeRAw3AY1r7kvey7esH,https://firebasestorage.googleapis.com/v0/b/freshnlocal-4a420.firebasestorage.app/o/products%2FfkeRAw3AY1r7kvey7esH%2Foriginal.webp?alt=media&token=a17503d6-8eb8-4e45-8616-11765e921e54,Fresh N Local,"Food, Beverages & Tobacco > Food Items",no
ghEBnRmtYbV1a3FnX8Ix,Fresh N Local Sweet Corn Hand Peeled 100gm,ALL FRUITS AND VEGETABLE ARE CUT AND PEELED IN CONTROLED AND HYGENIC ENVIROMENT AND IT IS PREPARED WITH IN 60 MIN OF DELIVERY TIME,in stock,new,40.00 INR,25.00 INR,https://www.freshnlocal.co/product/ghEBnRmtYbV1a3FnX8Ix,https://firebasestorage.googleapis.com/v0/b/freshnlocal-4a420.firebasestorage.app/o/products%2F1782816724446_1000191900.jpg?alt=media&token=c40448ec-218f-43a0-bd99-5308386fe8a1,Fresh N Local,"Food, Beverages & Tobacco > Food Items",no
hIWvDjzSRUJI6QxbJxX9,Fresh N Local Green Apple 500gm,Green Apple ,in stock,new,150.00 INR,,https://www.freshnlocal.co/product/hIWvDjzSRUJI6QxbJxX9,https://firebasestorage.googleapis.com/v0/b/freshnlocal-4a420.firebasestorage.app/o/products%2FhIWvDjzSRUJI6QxbJxX9%2Foriginal.webp?alt=media&token=aa19d3d9-97a3-497d-866a-55dcce54e520,Fresh N Local,"Food, Beverages & Tobacco > Food Items",no
hefnD9ChnTGiMOxYuXe7,Fresh N Local Mix Sprouts 200gm,Made With Ro Water With Hygienic ,in stock,new,25.00 INR,20.00 INR,https://www.freshnlocal.co/product/hefnD9ChnTGiMOxYuXe7,https://firebasestorage.googleapis.com/v0/b/freshnlocal-4a420.firebasestorage.app/o/products%2F1782815212137_1000191920.jpg?alt=media&token=ed3c85f5-e971-4ebe-b462-283548667055,Fresh N Local,"Food, Beverages & Tobacco > Food Items",no
hlK9DI29YBf9UHziBQ1W,Fresh N Local Thai Jumbo Lotus Root 400gm,IMPORTED ,in stock,new,500.00 INR,400.00 INR,https://www.freshnlocal.co/product/hlK9DI29YBf9UHziBQ1W,https://firebasestorage.googleapis.com/v0/b/freshnlocal-4a420.firebasestorage.app/o/products%2FhlK9DI29YBf9UHziBQ1W%2Foriginal.webp?alt=media&token=be7ed141-a773-4ad2-a84f-c035c92eb4e8,Fresh N Local,"Food, Beverages & Tobacco > Food Items",no
iIGBHUecs52Z8kgEVwVV,Fresh N Local Donut Peach 3pc,Original Turkey ,in stock,new,600.00 INR,500.00 INR,https://www.freshnlocal.co/product/iIGBHUecs52Z8kgEVwVV,https://firebasestorage.googleapis.com/v0/b/freshnlocal-4a420.firebasestorage.app/o/products%2FiIGBHUecs52Z8kgEVwVV%2Foriginal.webp?alt=media&token=06dd93e9-ba98-4ceb-99f2-c87c572af246,Fresh N Local,"Food, Beverages & Tobacco > Food Items",no
jBXCyXytXrbW3n9fMiwg,Fresh N Local Thai Lemongrass Stick 100gm,Thai Lemongrass Stick ,in stock,new,30.00 INR,20.00 INR,https://www.freshnlocal.co/product/jBXCyXytXrbW3n9fMiwg,https://firebasestorage.googleapis.com/v0/b/freshnlocal-4a420.firebasestorage.app/o/products%2FjBXCyXytXrbW3n9fMiwg%2Foriginal.webp?alt=media&token=25695a92-025f-4052-a768-9dddb95b36bf,Fresh N Local,"Food, Beverages & Tobacco > Food Items",no
jREbVFxMhUWdhEshzvEz,Fresh N Local Juicy Red Cherry 250gm,Origin - Turkey,in stock,new,500.00 INR,,https://www.freshnlocal.co/product/jREbVFxMhUWdhEshzvEz,https://firebasestorage.googleapis.com/v0/b/freshnlocal-4a420.firebasestorage.app/o/products%2FjREbVFxMhUWdhEshzvEz%2Foriginal.webp?alt=media&token=90e12d0d-532d-4d73-bd22-a3932c656685,Fresh N Local,"Food, Beverages & Tobacco > Food Items",no
kDwDxiE99Pjj87to5xTx,Fresh N Local White Dragon Fruits 1pc,White Dragon Fruits,in stock,new,70.00 INR,60.00 INR,https://www.freshnlocal.co/product/kDwDxiE99Pjj87to5xTx,https://firebasestorage.googleapis.com/v0/b/freshnlocal-4a420.firebasestorage.app/o/products%2FkDwDxiE99Pjj87to5xTx%2Foriginal.webp?alt=media&token=1d3a82a8-682b-4633-bd38-dc46f6bb4127,Fresh N Local,"Food, Beverages & Tobacco > Food Items",no
kYPiy40Y66wpl1wSqqPc,Fresh N Local Hass Avocado Ripe 3pc,For Same Day Use Only 500Gm Apx (Imported),in stock,new,400.00 INR,150.00 INR,https://www.freshnlocal.co/product/kYPiy40Y66wpl1wSqqPc,https://firebasestorage.googleapis.com/v0/b/freshnlocal-4a420.firebasestorage.app/o/products%2FkYPiy40Y66wpl1wSqqPc%2Foriginal.webp?alt=media&token=730f701b-2b6d-4eda-893c-b41dc945cdf0,Fresh N Local,"Food, Beverages & Tobacco > Food Items",no
kfrA8LTgiUhc537eP3m0,Fresh N Local Curly Kale 100gm,Curly Kale ,in stock,new,120.00 INR,40.00 INR,https://www.freshnlocal.co/product/kfrA8LTgiUhc537eP3m0,https://firebasestorage.googleapis.com/v0/b/freshnlocal-4a420.firebasestorage.app/o/products%2FkfrA8LTgiUhc537eP3m0%2Foriginal.webp?alt=media&token=46383cb5-e970-4ac1-a6a9-ed79d94660d0,Fresh N Local,"Food, Beverages & Tobacco > Food Items",no
knW0rUp6Zo4n9d2AOv9Q,Fresh N Local Moong Sprouts 200gm,Made With Ro Water With Hygienic ,in stock,new,25.00 INR,20.00 INR,https://www.freshnlocal.co/product/knW0rUp6Zo4n9d2AOv9Q,https://firebasestorage.googleapis.com/v0/b/freshnlocal-4a420.firebasestorage.app/o/products%2F1782816227735_3222.jpg?alt=media&token=903701ba-c55e-4abf-b4e1-5b243fdafd8c,Fresh N Local,"Food, Beverages & Tobacco > Food Items",no
kwRGXIv7Kwew4LC7nv1L,Fresh N Local Enoki Mushroom 100gm,Enoki Mushroom ,in stock,new,120.00 INR,100.00 INR,https://www.freshnlocal.co/product/kwRGXIv7Kwew4LC7nv1L,https://firebasestorage.googleapis.com/v0/b/freshnlocal-4a420.firebasestorage.app/o/products%2FkwRGXIv7Kwew4LC7nv1L%2Foriginal.webp?alt=media&token=848cbeef-11d0-45e4-91c4-57afbb582a16,Fresh N Local,"Food, Beverages & Tobacco > Food Items",no
lEonGepYmXUd3eoDNALG,Fresh N Local Spanish Sweet Plum 250gm,Imported ,in stock,new,120.00 INR,100.00 INR,https://www.freshnlocal.co/product/lEonGepYmXUd3eoDNALG,https://firebasestorage.googleapis.com/v0/b/freshnlocal-4a420.firebasestorage.app/o/products%2F1782816491098_1000191924.jpg?alt=media&token=cbbc7099-70c5-47e8-a0fd-df6f5a72e083,Fresh N Local,"Food, Beverages & Tobacco > Food Items",no
lznhTNrBJ7kR2urD0Eqy,Fresh N Local Blueberry Frozen 500gm,"250gm box
ideal for shake, smocthie or compote 
keep frozen -18°c 
can be used till 6 months",in stock,new,400.00 INR,375.00 INR,https://www.freshnlocal.co/product/lznhTNrBJ7kR2urD0Eqy,https://firebasestorage.googleapis.com/v0/b/freshnlocal-4a420.firebasestorage.app/o/products%2F1782814559653_1000192019.jpg?alt=media&token=c6a099f9-5745-4bc4-9aee-4b51ef617411,Fresh N Local,"Food, Beverages & Tobacco > Food Items",no
mCY68LUwz7CnoTDTim5H,Fresh N Local Fresh Sage 10gm,Fresh Sage ,out of stock,new,50.00 INR,20.00 INR,https://www.freshnlocal.co/product/mCY68LUwz7CnoTDTim5H,https://firebasestorage.googleapis.com/v0/b/freshnlocal-4a420.firebasestorage.app/o/products%2FmCY68LUwz7CnoTDTim5H%2Foriginal.webp?alt=media&token=0de56a92-57e7-42f1-ac61-518591b01c41,Fresh N Local,"Food, Beverages & Tobacco > Food Items",no
mPWifKJGPbG1MaJn9feT,Fresh N Local Mosambi 1kg,6-7 Pc,in stock,new,100.00 INR,,https://www.freshnlocal.co/product/mPWifKJGPbG1MaJn9feT,https://firebasestorage.googleapis.com/v0/b/freshnlocal-4a420.firebasestorage.app/o/products%2FmPWifKJGPbG1MaJn9feT%2Foriginal.webp?alt=media&token=2a891bcf-b682-442b-adf7-745a67e9f83f,Fresh N Local,"Food, Beverages & Tobacco > Food Items",no
mSmbNisb8d7cYFSbDKEm,Fresh N Local Beef Steak Tomato 2pc,Beef Steak Tomato ,in stock,new,250.00 INR,200.00 INR,https://www.freshnlocal.co/product/mSmbNisb8d7cYFSbDKEm,https://firebasestorage.googleapis.com/v0/b/freshnlocal-4a420.firebasestorage.app/o/products%2F1782647783554_1000202578.jpg?alt=media&token=0b5da5a2-09de-4683-b929-27f0c0ea178e,Fresh N Local,"Food, Beverages & Tobacco > Food Items",no
mjQWIEyMWOXuK8fapdqm,Fresh N Local Strawberry Frozen 1kg,"250gm box
ideal for shake, smocthie or compote 
keep frozen -18°c 
can be used till 6 months",in stock,new,350.00 INR,300.00 INR,https://www.freshnlocal.co/product/mjQWIEyMWOXuK8fapdqm,https://firebasestorage.googleapis.com/v0/b/freshnlocal-4a420.firebasestorage.app/o/products%2F1782816878942_1000192013.jpg?alt=media&token=5ade1c0b-5d99-4e0f-ae44-dec7ec4c1779,Fresh N Local,"Food, Beverages & Tobacco > Food Items",no
mmP6DF1VWyymEn8BDezx,Fresh N Local Totapuri Mango 1kg,Totapuri Mango,in stock,new,150.00 INR,60.00 INR,https://www.freshnlocal.co/product/mmP6DF1VWyymEn8BDezx,https://firebasestorage.googleapis.com/v0/b/freshnlocal-4a420.firebasestorage.app/o/products%2FmmP6DF1VWyymEn8BDezx%2Foriginal.webp?alt=media&token=04d52237-1a8d-45c4-8a6d-3f83892ac559,Fresh N Local,"Food, Beverages & Tobacco > Food Items",no
nMGLsQSOU4B4vVkl8Sdo,Fresh N Local Premium Strawberry 1kg,Premium Strawberry ,out of stock,new,650.00 INR,600.00 INR,https://www.freshnlocal.co/product/nMGLsQSOU4B4vVkl8Sdo,https://firebasestorage.googleapis.com/v0/b/freshnlocal-4a420.firebasestorage.app/o/products%2FnMGLsQSOU4B4vVkl8Sdo%2Foriginal.webp?alt=media&token=189fc7b7-b97b-4387-abd8-787b4d996efe,Fresh N Local,"Food, Beverages & Tobacco > Food Items",no
npuCK6yCgGgT6hHPzfAL,Fresh N Local Kesar Mango 1kg,Origin - valsad Carbide Free ,out of stock,new,250.00 INR,,https://www.freshnlocal.co/product/npuCK6yCgGgT6hHPzfAL,https://firebasestorage.googleapis.com/v0/b/freshnlocal-4a420.firebasestorage.app/o/products%2FnpuCK6yCgGgT6hHPzfAL%2Foriginal.webp?alt=media&token=7852c03d-a657-4831-bc36-211e92267af9,Fresh N Local,"Food, Beverages & Tobacco > Food Items",no
o4IfYwoHGBORj2H3Qn5W,Fresh N Local Baby Corn 250gm,Baby corn ,in stock,new,150.00 INR,50.00 INR,https://www.freshnlocal.co/product/o4IfYwoHGBORj2H3Qn5W,https://firebasestorage.googleapis.com/v0/b/freshnlocal-4a420.firebasestorage.app/o/products%2Fo4IfYwoHGBORj2H3Qn5W%2Foriginal.webp?alt=media&token=5a287c27-d9c0-46eb-9ff7-56eefaa0bb78,Fresh N Local,"Food, Beverages & Tobacco > Food Items",no
o4nG8ayvxKTzCQGsJXPK,Fresh N Local Yellow Zucchini 500gm,Yellow Zucchini ,in stock,new,100.00 INR,75.00 INR,https://www.freshnlocal.co/product/o4nG8ayvxKTzCQGsJXPK,https://firebasestorage.googleapis.com/v0/b/freshnlocal-4a420.firebasestorage.app/o/products%2Fo4nG8ayvxKTzCQGsJXPK%2Foriginal.webp?alt=media&token=91a861e0-931c-498f-87ce-af8cf793dd04,Fresh N Local,"Food, Beverages & Tobacco > Food Items",no
oIxfC5UMj5KwoT6J9vyO,Fresh N Local JalapeñO Pepper 200gm,Jalapeño Pepper,in stock,new,160.00 INR,60.00 INR,https://www.freshnlocal.co/product/oIxfC5UMj5KwoT6J9vyO,https://firebasestorage.googleapis.com/v0/b/freshnlocal-4a420.firebasestorage.app/o/products%2FoIxfC5UMj5KwoT6J9vyO%2Foriginal.webp?alt=media&token=6ac566cc-08f7-46e4-ac77-00629b8884d3,Fresh N Local,"Food, Beverages & Tobacco > Food Items",no
pf7zlZlquPlCV6Mvy3cD,Fresh N Local Italian Basil 100gm,Italian Basil ,in stock,new,50.00 INR,20.00 INR,https://www.freshnlocal.co/product/pf7zlZlquPlCV6Mvy3cD,https://firebasestorage.googleapis.com/v0/b/freshnlocal-4a420.firebasestorage.app/o/products%2Fpf7zlZlquPlCV6Mvy3cD%2Foriginal.webp?alt=media&token=033d7bdf-02a5-468a-aa22-cfc9e27ad01c,Fresh N Local,"Food, Beverages & Tobacco > Food Items",no
pquCbI610m9lTTLqoHQ3,Fresh N Local Kinnaur Apple 1kg,6-7 Pc,out of stock,new,250.00 INR,200.00 INR,https://www.freshnlocal.co/product/pquCbI610m9lTTLqoHQ3,https://firebasestorage.googleapis.com/v0/b/freshnlocal-4a420.firebasestorage.app/o/products%2FpquCbI610m9lTTLqoHQ3%2Foriginal.webp?alt=media&token=3d4d45a0-8db2-4e34-8c31-3a3ba97959a8,Fresh N Local,"Food, Beverages & Tobacco > Food Items",no
qQG4Q0f6kJk3xOqV4ZsD,Fresh N Local Mix Micro Greens 80gm,80Gm Box,in stock,new,200.00 INR,120.00 INR,https://www.freshnlocal.co/product/qQG4Q0f6kJk3xOqV4ZsD,https://firebasestorage.googleapis.com/v0/b/freshnlocal-4a420.firebasestorage.app/o/products%2FqQG4Q0f6kJk3xOqV4ZsD%2Foriginal.webp?alt=media&token=4a800300-7c56-49f9-a509-fa01a37119c9,Fresh N Local,"Food, Beverages & Tobacco > Food Items",no
qoZ2FWjpI8WVS2E4I6GV,Fresh N Local Japan Melon 1pc,Product of Japan 1.5-2Kg Per Pc,out of stock,new,1025.00 INR,900.00 INR,https://www.freshnlocal.co/product/qoZ2FWjpI8WVS2E4I6GV,https://firebasestorage.googleapis.com/v0/b/freshnlocal-4a420.firebasestorage.app/o/products%2FqoZ2FWjpI8WVS2E4I6GV%2Foriginal.webp?alt=media&token=e4b5e366-fed8-4fe8-ab0c-7af79813ec42,Fresh N Local,"Food, Beverages & Tobacco > Food Items",no
qy8w2yM7Uf90f7aoSgNh,Fresh N Local Baby Spinach 100gm,Baby Spinach ,in stock,new,90.00 INR,60.00 INR,https://www.freshnlocal.co/product/qy8w2yM7Uf90f7aoSgNh,https://firebasestorage.googleapis.com/v0/b/freshnlocal-4a420.firebasestorage.app/o/products%2Fqy8w2yM7Uf90f7aoSgNh%2Foriginal.webp?alt=media&token=a789e7d5-8d9f-4280-afea-324dce32bd7c,Fresh N Local,"Food, Beverages & Tobacco > Food Items",no
rF2p3C8fbnsrVRdTLqMd,Fresh N Local White Shimeji Mushroom 125gm,White Shimeji Mushroom ,in stock,new,1200.00 INR,125.00 INR,https://www.freshnlocal.co/product/rF2p3C8fbnsrVRdTLqMd,https://firebasestorage.googleapis.com/v0/b/freshnlocal-4a420.firebasestorage.app/o/products%2F1782882236666_1000203547.jpg?alt=media&token=83c6b8d4-b6b5-42af-8fbe-8b9e3b4e3e9b,Fresh N Local,"Food, Beverages & Tobacco > Food Items",no
rO2xzfqeQ7x37UfwdDYt,Fresh N Local Thai Snow Pea 200gm,Thai Snow Pea ,in stock,new,200.00 INR,,https://www.freshnlocal.co/product/rO2xzfqeQ7x37UfwdDYt,https://firebasestorage.googleapis.com/v0/b/freshnlocal-4a420.firebasestorage.app/o/products%2FrO2xzfqeQ7x37UfwdDYt%2Foriginal.webp?alt=media&token=a46482a3-9245-449a-b605-c602ceef9c52,Fresh N Local,"Food, Beverages & Tobacco > Food Items",no
smRtcODfA02ZRKqri99X,Fresh N Local Imp. Bamboo Leaf 100pc,Not edible just for Planting ,in stock,new,1000.00 INR,900.00 INR,https://www.freshnlocal.co/product/smRtcODfA02ZRKqri99X,https://firebasestorage.googleapis.com/v0/b/freshnlocal-4a420.firebasestorage.app/o/products%2FsmRtcODfA02ZRKqri99X%2Foriginal.webp?alt=media&token=6a983a7a-1256-43d8-a661-c59af88b1ab4,Fresh N Local,"Food, Beverages & Tobacco > Food Items",no
t48y3w1X21vdyZ7mLqAo,Fresh N Local Thai Bird Chilli 50gm,Thai Bird Chilli ,in stock,new,80.00 INR,60.00 INR,https://www.freshnlocal.co/product/t48y3w1X21vdyZ7mLqAo,https://firebasestorage.googleapis.com/v0/b/freshnlocal-4a420.firebasestorage.app/o/products%2Ft48y3w1X21vdyZ7mLqAo%2Foriginal.webp?alt=media&token=6853b9b5-6689-4c9e-8ad7-52fcd79aa4f8,Fresh N Local,"Food, Beverages & Tobacco > Food Items",no
tO01kbNZKd3ZfZ8powjs,Fresh N Local Thai Pandan Leaves 20gm,Thai Pandan Leaves ,in stock,new,100.00 INR,30.00 INR,https://www.freshnlocal.co/product/tO01kbNZKd3ZfZ8powjs,https://firebasestorage.googleapis.com/v0/b/freshnlocal-4a420.firebasestorage.app/o/products%2FtO01kbNZKd3ZfZ8powjs%2Foriginal.webp?alt=media&token=ebccd55d-f1c3-456b-94bd-2f4503fdacc6,Fresh N Local,"Food, Beverages & Tobacco > Food Items",no
tQNgLRsDx4QxUo17US3G,Fresh N Local Malta South Africa Orange 1kg,6Pc Apx,in stock,new,200.00 INR,150.00 INR,https://www.freshnlocal.co/product/tQNgLRsDx4QxUo17US3G,https://firebasestorage.googleapis.com/v0/b/freshnlocal-4a420.firebasestorage.app/o/products%2FtQNgLRsDx4QxUo17US3G%2Foriginal.webp?alt=media&token=0c668a92-42e3-4e0b-bf6c-64d9da48721c,Fresh N Local,"Food, Beverages & Tobacco > Food Items",no
u2IbRsBIo8YnvcBfSuHp,Fresh N Local Royal Gala Apple 1kg,Imported Super Sweet,in stock,new,300.00 INR,200.00 INR,https://www.freshnlocal.co/product/u2IbRsBIo8YnvcBfSuHp,https://firebasestorage.googleapis.com/v0/b/freshnlocal-4a420.firebasestorage.app/o/products%2Fu2IbRsBIo8YnvcBfSuHp%2Foriginal.webp?alt=media&token=106beeaa-62bb-4ed8-b988-ce0c47cee28b,Fresh N Local,"Food, Beverages & Tobacco > Food Items",no
vGv251FGNrCI7KKXpQaC,Fresh N Local American White Leek 250gm,American White Leek ,in stock,new,80.00 INR,60.00 INR,https://www.freshnlocal.co/product/vGv251FGNrCI7KKXpQaC,https://firebasestorage.googleapis.com/v0/b/freshnlocal-4a420.firebasestorage.app/o/products%2FvGv251FGNrCI7KKXpQaC%2Foriginal.webp?alt=media&token=355e8449-3bcb-4e05-bd3c-8dccab42da60,Fresh N Local,"Food, Beverages & Tobacco > Food Items",no
vOMf7RADB7ADITvhN3O6,Fresh N Local Parsley 100gm,Parsley ,in stock,new,75.00 INR,36.00 INR,https://www.freshnlocal.co/product/vOMf7RADB7ADITvhN3O6,https://firebasestorage.googleapis.com/v0/b/freshnlocal-4a420.firebasestorage.app/o/products%2FvOMf7RADB7ADITvhN3O6%2Foriginal.webp?alt=media&token=0da5c695-bba3-4076-ad7b-440ca30c81b6,Fresh N Local,"Food, Beverages & Tobacco > Food Items",no
vprkdFX4LSh4MmAZAeJf,Fresh N Local Sundried Tomatoes 100gm,100Gm Per Pack (IMPORTED),in stock,new,200.00 INR,100.00 INR,https://www.freshnlocal.co/product/vprkdFX4LSh4MmAZAeJf,https://firebasestorage.googleapis.com/v0/b/freshnlocal-4a420.firebasestorage.app/o/products%2FvprkdFX4LSh4MmAZAeJf%2Foriginal.webp?alt=media&token=96e374e9-0868-44e5-b5bc-bf7489bac96f,Fresh N Local,"Food, Beverages & Tobacco > Food Items",no
w2cDCsPgvhx537rDrnWy,Fresh N Local Indian Fresh Blueberry 125gm,Indian Fresh Blueberry ,in stock,new,150.00 INR,,https://www.freshnlocal.co/product/w2cDCsPgvhx537rDrnWy,https://firebasestorage.googleapis.com/v0/b/freshnlocal-4a420.firebasestorage.app/o/products%2F1782732611621_ind%20blueberry.jpeg?alt=media&token=76eed284-8713-476f-8639-0a0a9fc93268,Fresh N Local,"Food, Beverages & Tobacco > Food Items",no
wDFlxJWDZytNk1WX4qGy,Fresh N Local Leafy Lettuce 200gm,Leafy Lettuce,in stock,new,100.00 INR,80.00 INR,https://www.freshnlocal.co/product/wDFlxJWDZytNk1WX4qGy,https://firebasestorage.googleapis.com/v0/b/freshnlocal-4a420.firebasestorage.app/o/products%2FwDFlxJWDZytNk1WX4qGy%2Foriginal.webp?alt=media&token=bf06e645-d5f9-476a-ac77-0a881a7310ad,Fresh N Local,"Food, Beverages & Tobacco > Food Items",no
wc4ZWkvG1sLmCOQa81RU,Fresh N Local Thai Rambutan Litchi 250gm,Origin - kerala,in stock,new,600.00 INR,200.00 INR,https://www.freshnlocal.co/product/wc4ZWkvG1sLmCOQa81RU,https://firebasestorage.googleapis.com/v0/b/freshnlocal-4a420.firebasestorage.app/o/products%2Fwc4ZWkvG1sLmCOQa81RU%2Foriginal.webp?alt=media&token=c86051d1-68b6-4a1c-864f-f9e3148093c3,Fresh N Local,"Food, Beverages & Tobacco > Food Items",no
wi76VV4yJFzNEsrTjwNy,Fresh N Local Guava 1kg,Guava ,in stock,new,110.00 INR,100.00 INR,https://www.freshnlocal.co/product/wi76VV4yJFzNEsrTjwNy,https://firebasestorage.googleapis.com/v0/b/freshnlocal-4a420.firebasestorage.app/o/products%2Fwi76VV4yJFzNEsrTjwNy%2Foriginal.webp?alt=media&token=ab44c4e4-77ac-4002-8cd7-ee4569fae5b2,Fresh N Local,"Food, Beverages & Tobacco > Food Items",no
wxfX8lsv2DZJ5sZPrjQw,Fresh N Local Mulberry Frozen 100gm,"250gm box
ideal for shake, smocthie or compote 
keep frozen -18°c 
can be used till 6 months",in stock,new,150.00 INR,120.00 INR,https://www.freshnlocal.co/product/wxfX8lsv2DZJ5sZPrjQw,https://firebasestorage.googleapis.com/v0/b/freshnlocal-4a420.firebasestorage.app/o/products%2F1782814681194_1000191863.jpg?alt=media&token=76d7485d-767b-47a2-b00c-18293f70ef41,Fresh N Local,"Food, Beverages & Tobacco > Food Items",no
wzJHg2Xun3eQWiOU6y7D,Fresh N Local Thai Gallangal 100gm,Thai Gallangal ,in stock,new,40.00 INR,20.00 INR,https://www.freshnlocal.co/product/wzJHg2Xun3eQWiOU6y7D,https://firebasestorage.googleapis.com/v0/b/freshnlocal-4a420.firebasestorage.app/o/products%2FwzJHg2Xun3eQWiOU6y7D%2Foriginal.webp?alt=media&token=2b9ac5b7-4b18-44b9-932b-57ca176ef350,Fresh N Local,"Food, Beverages & Tobacco > Food Items",no
x3qQzXbJJwP0ai97Ah43,Fresh N Local Fresh Tarrangon 10gm,Fresh Tarrangon ,in stock,new,50.00 INR,20.00 INR,https://www.freshnlocal.co/product/x3qQzXbJJwP0ai97Ah43,https://firebasestorage.googleapis.com/v0/b/freshnlocal-4a420.firebasestorage.app/o/products%2Fx3qQzXbJJwP0ai97Ah43%2Foriginal.webp?alt=media&token=d87effc5-cad8-456a-974d-35c68f2be6f7,Fresh N Local,"Food, Beverages & Tobacco > Food Items",no
yzbpljFTzRge8elGfhws,Fresh N Local Mango Lalbagh 1kg,MANGO LALBAGH,out of stock,new,100.00 INR,80.00 INR,https://www.freshnlocal.co/product/yzbpljFTzRge8elGfhws,https://firebasestorage.googleapis.com/v0/b/freshnlocal-4a420.firebasestorage.app/o/products%2FyzbpljFTzRge8elGfhws%2Foriginal.webp?alt=media&token=cc304d3e-929c-4b00-a343-f4202e24d59b,Fresh N Local,"Food, Beverages & Tobacco > Food Items",no
zOYvKdw30L7JqCV3CNoU,Fresh N Local Frozen Cranberry 500gm,"250gm box
ideal for shake, smocthie or compote 
keep frozen -18°c 
can be used till 6 months",in stock,new,450.00 INR,,https://www.freshnlocal.co/product/zOYvKdw30L7JqCV3CNoU,https://firebasestorage.googleapis.com/v0/b/freshnlocal-4a420.firebasestorage.app/o/products%2FzOYvKdw30L7JqCV3CNoU%2Foriginal.webp?alt=media&token=83295624-f04a-4058-be70-5376bec56a2f,Fresh N Local,"Food, Beverages & Tobacco > Food Items",no
zQP8vUEfxmCnNlppqnZv,Fresh N Local Lolorossa Lettuce 200gm,Lolorossa Lettuce ,in stock,new,100.00 INR,80.00 INR,https://www.freshnlocal.co/product/zQP8vUEfxmCnNlppqnZv,https://firebasestorage.googleapis.com/v0/b/freshnlocal-4a420.firebasestorage.app/o/products%2FzQP8vUEfxmCnNlppqnZv%2Foriginal.webp?alt=media&token=0a326bf1-ce31-4587-bb4d-076695e061fe,Fresh N Local,"Food, Beverages & Tobacco > Food Items",no
